Question,A,B,C,D,True Answer,True_Option,MC,MC_R
10 / 2 等于多少?,5,11,6,2,5,A,"请选择一个选项10 / 2 等于多少?: A 5.0 , B 11.0 , C 6.0 , D 2.0。只能选择一个选项，禁止解释。","请选择一个选项10 / 2 等于多少?: B 11.0 , A 5.0 , C 6.0 , D 2.0。只能选择一个选项，禁止解释。"
1 + 5 等于多少?,6,3,7,12,6,A,"请选择一个选项1 + 5 等于多少?: A 6.0 , B 3.0 , C 7.0 , D 12.0。只能选择一个选项，禁止解释。","请选择一个选项1 + 5 等于多少?: B 3.0 , A 6.0 , C 7.0 , D 12.0。只能选择一个选项，禁止解释。"
8 - 2 等于多少?,7,10,3,6,6,D,"请选择一个选项8 - 2 等于多少?: A 7.0 , B 10.0 , C 3.0 , D 6.0。只能选择一个选项，禁止解释。","请选择一个选项8 - 2 等于多少?: B 10.0 , A 7.0 , C 3.0 , D 6.0。只能选择一个选项，禁止解释。"
5 - 1 等于多少?,9,6,2,4,4,D,"请选择一个选项5 - 1 等于多少?: A 9.0 , B 6.0 , C 2.0 , D 4.0。只能选择一个选项，禁止解释。","请选择一个选项5 - 1 等于多少?: B 6.0 , A 9.0 , C 2.0 , D 4.0。只能选择一个选项，禁止解释。"
4 * 7 等于多少?,27,28,33,29,28,B,"请选择一个选项4 * 7 等于多少?: A 27.0 , B 28.0 , C 33.0 , D 29.0。只能选择一个选项，禁止解释。","请选择一个选项4 * 7 等于多少?: B 28.0 , A 27.0 , C 33.0 , D 29.0。只能选择一个选项，禁止解释。"
1 * 6 等于多少?,6,10,4,8,6,A,"请选择一个选项1 * 6 等于多少?: A 6.0 , B 10.0 , C 4.0 , D 8.0。只能选择一个选项，禁止解释。","请选择一个选项1 * 6 等于多少?: B 10.0 , A 6.0 , C 4.0 , D 8.0。只能选择一个选项，禁止解释。"
90 / 10 等于多少?,15,12,7,9,9,D,"请选择一个选项90 / 10 等于多少?: A 15.0 , B 12.0 , C 7.0 , D 9.0。只能选择一个选项，禁止解释。","请选择一个选项90 / 10 等于多少?: B 12.0 , A 15.0 , C 7.0 , D 9.0。只能选择一个选项，禁止解释。"
2 + 5 等于多少?,4,8,7,12,7,C,"请选择一个选项2 + 5 等于多少?: A 4.0 , B 8.0 , C 7.0 , D 12.0。只能选择一个选项，禁止解释。","请选择一个选项2 + 5 等于多少?: B 8.0 , A 4.0 , C 7.0 , D 12.0。只能选择一个选项，禁止解释。"
8 - 9 等于多少?,5,2,-2,-1,-1,D,"请选择一个选项8 - 9 等于多少?: A 5.0 , B 2.0 , C -2.0 , D -1.0。只能选择一个选项，禁止解释。","请选择一个选项8 - 9 等于多少?: B 2.0 , A 5.0 , C -2.0 , D -1.0。只能选择一个选项，禁止解释。"
10 - 6 等于多少?,4,9,3,5,4,A,"请选择一个选项10 - 6 等于多少?: A 4.0 , B 9.0 , C 3.0 , D 5.0。只能选择一个选项，禁止解释。","请选择一个选项10 - 6 等于多少?: B 9.0 , A 4.0 , C 3.0 , D 5.0。只能选择一个选项，禁止解释。"
7 * 7 等于多少?,51,49,54,47,49,B,"请选择一个选项7 * 7 等于多少?: A 51.0 , B 49.0 , C 54.0 , D 47.0。只能选择一个选项，禁止解释。","请选择一个选项7 * 7 等于多少?: B 49.0 , A 51.0 , C 54.0 , D 47.0。只能选择一个选项，禁止解释。"
2 * 3 等于多少?,5,10,7,6,6,D,"请选择一个选项2 * 3 等于多少?: A 5.0 , B 10.0 , C 7.0 , D 6.0。只能选择一个选项，禁止解释。","请选择一个选项2 * 3 等于多少?: B 10.0 , A 5.0 , C 7.0 , D 6.0。只能选择一个选项，禁止解释。"
1 + 5 等于多少?,11,7,6,3,6,C,"请选择一个选项1 + 5 等于多少?: A 11.0 , B 7.0 , C 6.0 , D 3.0。只能选择一个选项，禁止解释。","请选择一个选项1 + 5 等于多少?: B 7.0 , A 11.0 , C 6.0 , D 3.0。只能选择一个选项，禁止解释。"
18 / 3 等于多少?,5,6,12,9,6,B,"请选择一个选项18 / 3 等于多少?: A 5.0 , B 6.0 , C 12.0 , D 9.0。只能选择一个选项，禁止解释。","请选择一个选项18 / 3 等于多少?: B 6.0 , A 5.0 , C 12.0 , D 9.0。只能选择一个选项，禁止解释。"
8 + 10 等于多少?,15,22,20,18,18,D,"请选择一个选项8 + 10 等于多少?: A 15.0 , B 22.0 , C 20.0 , D 18.0。只能选择一个选项，禁止解释。","请选择一个选项8 + 10 等于多少?: B 22.0 , A 15.0 , C 20.0 , D 18.0。只能选择一个选项，禁止解释。"
5 - 6 等于多少?,5,-1,-4,0,-1,B,"请选择一个选项5 - 6 等于多少?: A 5.0 , B -1.0 , C -4.0 , D 0.0。只能选择一个选项，禁止解释。","请选择一个选项5 - 6 等于多少?: B -1.0 , A 5.0 , C -4.0 , D 0.0。只能选择一个选项，禁止解释。"
4 / 2 等于多少?,2,-1,4,6,2,A,"请选择一个选项4 / 2 等于多少?: A 2.0 , B -1.0 , C 4.0 , D 6.0。只能选择一个选项，禁止解释。","请选择一个选项4 / 2 等于多少?: B -1.0 , A 2.0 , C 4.0 , D 6.0。只能选择一个选项，禁止解释。"
2 - 3 等于多少?,-2,-1,5,1,-1,B,"请选择一个选项2 - 3 等于多少?: A -2.0 , B -1.0 , C 5.0 , D 1.0。只能选择一个选项，禁止解释。","请选择一个选项2 - 3 等于多少?: B -1.0 , A -2.0 , C 5.0 , D 1.0。只能选择一个选项，禁止解释。"
5 + 8 等于多少?,13,11,18,16,13,A,"请选择一个选项5 + 8 等于多少?: A 13.0 , B 11.0 , C 18.0 , D 16.0。只能选择一个选项，禁止解释。","请选择一个选项5 + 8 等于多少?: B 11.0 , A 13.0 , C 18.0 , D 16.0。只能选择一个选项，禁止解释。"
9 - 1 等于多少?,10,6,8,13,8,C,"请选择一个选项9 - 1 等于多少?: A 10.0 , B 6.0 , C 8.0 , D 13.0。只能选择一个选项，禁止解释。","请选择一个选项9 - 1 等于多少?: B 6.0 , A 10.0 , C 8.0 , D 13.0。只能选择一个选项，禁止解释。"
8 * 8 等于多少?,62,68,64,67,64,C,"请选择一个选项8 * 8 等于多少?: A 62.0 , B 68.0 , C 64.0 , D 67.0。只能选择一个选项，禁止解释。","请选择一个选项8 * 8 等于多少?: B 68.0 , A 62.0 , C 64.0 , D 67.0。只能选择一个选项，禁止解释。"
36 / 4 等于多少?,12,6,9,13,9,C,"请选择一个选项36 / 4 等于多少?: A 12.0 , B 6.0 , C 9.0 , D 13.0。只能选择一个选项，禁止解释。","请选择一个选项36 / 4 等于多少?: B 6.0 , A 12.0 , C 9.0 , D 13.0。只能选择一个选项，禁止解释。"
3 - 7 等于多少?,-3,-4,0,-7,-4,B,"请选择一个选项3 - 7 等于多少?: A -3.0 , B -4.0 , C 0.0 , D -7.0。只能选择一个选项，禁止解释。","请选择一个选项3 - 7 等于多少?: B -4.0 , A -3.0 , C 0.0 , D -7.0。只能选择一个选项，禁止解释。"
4 - 8 等于多少?,1,-2,-5,-4,-4,D,"请选择一个选项4 - 8 等于多少?: A 1.0 , B -2.0 , C -5.0 , D -4.0。只能选择一个选项，禁止解释。","请选择一个选项4 - 8 等于多少?: B -2.0 , A 1.0 , C -5.0 , D -4.0。只能选择一个选项，禁止解释。"
4 / 2 等于多少?,3,2,-1,7,2,B,"请选择一个选项4 / 2 等于多少?: A 3.0 , B 2.0 , C -1.0 , D 7.0。只能选择一个选项，禁止解释。","请选择一个选项4 / 2 等于多少?: B 2.0 , A 3.0 , C -1.0 , D 7.0。只能选择一个选项，禁止解释。"
2 - 7 等于多少?,-5,-4,1,-8,-5,A,"请选择一个选项2 - 7 等于多少?: A -5.0 , B -4.0 , C 1.0 , D -8.0。只能选择一个选项，禁止解释。","请选择一个选项2 - 7 等于多少?: B -4.0 , A -5.0 , C 1.0 , D -8.0。只能选择一个选项，禁止解释。"
12 / 3 等于多少?,9,4,5,2,4,B,"请选择一个选项12 / 3 等于多少?: A 9.0 , B 4.0 , C 5.0 , D 2.0。只能选择一个选项，禁止解释。","请选择一个选项12 / 3 等于多少?: B 4.0 , A 9.0 , C 5.0 , D 2.0。只能选择一个选项，禁止解释。"
27 / 9 等于多少?,8,0,3,5,3,C,"请选择一个选项27 / 9 等于多少?: A 8.0 , B 0.0 , C 3.0 , D 5.0。只能选择一个选项，禁止解释。","请选择一个选项27 / 9 等于多少?: B 0.0 , A 8.0 , C 3.0 , D 5.0。只能选择一个选项，禁止解释。"
1 - 9 等于多少?,-8,-7,-3,-10,-8,A,"请选择一个选项1 - 9 等于多少?: A -8.0 , B -7.0 , C -3.0 , D -10.0。只能选择一个选项，禁止解释。","请选择一个选项1 - 9 等于多少?: B -7.0 , A -8.0 , C -3.0 , D -10.0。只能选择一个选项，禁止解释。"
8 - 1 等于多少?,9,12,7,4,7,C,"请选择一个选项8 - 1 等于多少?: A 9.0 , B 12.0 , C 7.0 , D 4.0。只能选择一个选项，禁止解释。","请选择一个选项8 - 1 等于多少?: B 12.0 , A 9.0 , C 7.0 , D 4.0。只能选择一个选项，禁止解释。"
10 + 9 等于多少?,20,16,19,23,19,C,"请选择一个选项10 + 9 等于多少?: A 20.0 , B 16.0 , C 19.0 , D 23.0。只能选择一个选项，禁止解释。","请选择一个选项10 + 9 等于多少?: B 16.0 , A 20.0 , C 19.0 , D 23.0。只能选择一个选项，禁止解释。"
10 + 7 等于多少?,17,21,14,20,17,A,"请选择一个选项10 + 7 等于多少?: A 17.0 , B 21.0 , C 14.0 , D 20.0。只能选择一个选项，禁止解释。","请选择一个选项10 + 7 等于多少?: B 21.0 , A 17.0 , C 14.0 , D 20.0。只能选择一个选项，禁止解释。"
5 - 3 等于多少?,5,0,8,2,2,D,"请选择一个选项5 - 3 等于多少?: A 5.0 , B 0.0 , C 8.0 , D 2.0。只能选择一个选项，禁止解释。","请选择一个选项5 - 3 等于多少?: B 0.0 , A 5.0 , C 8.0 , D 2.0。只能选择一个选项，禁止解释。"
4 - 3 等于多少?,1,7,3,0,1,A,"请选择一个选项4 - 3 等于多少?: A 1.0 , B 7.0 , C 3.0 , D 0.0。只能选择一个选项，禁止解释。","请选择一个选项4 - 3 等于多少?: B 7.0 , A 1.0 , C 3.0 , D 0.0。只能选择一个选项，禁止解释。"
7 - 7 等于多少?,5,0,-2,1,0,B,"请选择一个选项7 - 7 等于多少?: A 5.0 , B 0.0 , C -2.0 , D 1.0。只能选择一个选项，禁止解释。","请选择一个选项7 - 7 等于多少?: B 0.0 , A 5.0 , C -2.0 , D 1.0。只能选择一个选项，禁止解释。"
10 + 3 等于多少?,12,19,13,16,13,C,"请选择一个选项10 + 3 等于多少?: A 12.0 , B 19.0 , C 13.0 , D 16.0。只能选择一个选项，禁止解释。","请选择一个选项10 + 3 等于多少?: B 19.0 , A 12.0 , C 13.0 , D 16.0。只能选择一个选项，禁止解释。"
9 * 5 等于多少?,51,42,47,45,45,D,"请选择一个选项9 * 5 等于多少?: A 51.0 , B 42.0 , C 47.0 , D 45.0。只能选择一个选项，禁止解释。","请选择一个选项9 * 5 等于多少?: B 42.0 , A 51.0 , C 47.0 , D 45.0。只能选择一个选项，禁止解释。"
5 - 7 等于多少?,-2,3,1,-4,-2,A,"请选择一个选项5 - 7 等于多少?: A -2.0 , B 3.0 , C 1.0 , D -4.0。只能选择一个选项，禁止解释。","请选择一个选项5 - 7 等于多少?: B 3.0 , A -2.0 , C 1.0 , D -4.0。只能选择一个选项，禁止解释。"
1 - 2 等于多少?,-1,5,0,-3,-1,A,"请选择一个选项1 - 2 等于多少?: A -1.0 , B 5.0 , C 0.0 , D -3.0。只能选择一个选项，禁止解释。","请选择一个选项1 - 2 等于多少?: B 5.0 , A -1.0 , C 0.0 , D -3.0。只能选择一个选项，禁止解释。"
5 * 2 等于多少?,9,13,14,10,10,D,"请选择一个选项5 * 2 等于多少?: A 9.0 , B 13.0 , C 14.0 , D 10.0。只能选择一个选项，禁止解释。","请选择一个选项5 * 2 等于多少?: B 13.0 , A 9.0 , C 14.0 , D 10.0。只能选择一个选项，禁止解释。"
10 / 10 等于多少?,-1,7,4,1,1,D,"请选择一个选项10 / 10 等于多少?: A -1.0 , B 7.0 , C 4.0 , D 1.0。只能选择一个选项，禁止解释。","请选择一个选项10 / 10 等于多少?: B 7.0 , A -1.0 , C 4.0 , D 1.0。只能选择一个选项，禁止解释。"
3 + 8 等于多少?,16,8,12,11,11,D,"请选择一个选项3 + 8 等于多少?: A 16.0 , B 8.0 , C 12.0 , D 11.0。只能选择一个选项，禁止解释。","请选择一个选项3 + 8 等于多少?: B 8.0 , A 16.0 , C 12.0 , D 11.0。只能选择一个选项，禁止解释。"
10 * 1 等于多少?,15,10,12,8,10,B,"请选择一个选项10 * 1 等于多少?: A 15.0 , B 10.0 , C 12.0 , D 8.0。只能选择一个选项，禁止解释。","请选择一个选项10 * 1 等于多少?: B 10.0 , A 15.0 , C 12.0 , D 8.0。只能选择一个选项，禁止解释。"
7 - 4 等于多少?,4,3,1,9,3,B,"请选择一个选项7 - 4 等于多少?: A 4.0 , B 3.0 , C 1.0 , D 9.0。只能选择一个选项，禁止解释。","请选择一个选项7 - 4 等于多少?: B 3.0 , A 4.0 , C 1.0 , D 9.0。只能选择一个选项，禁止解释。"
35 / 7 等于多少?,7,11,5,3,5,C,"请选择一个选项35 / 7 等于多少?: A 7.0 , B 11.0 , C 5.0 , D 3.0。只能选择一个选项，禁止解释。","请选择一个选项35 / 7 等于多少?: B 11.0 , A 7.0 , C 5.0 , D 3.0。只能选择一个选项，禁止解释。"
3 - 8 等于多少?,-1,-7,-5,-2,-5,C,"请选择一个选项3 - 8 等于多少?: A -1.0 , B -7.0 , C -5.0 , D -2.0。只能选择一个选项，禁止解释。","请选择一个选项3 - 8 等于多少?: B -7.0 , A -1.0 , C -5.0 , D -2.0。只能选择一个选项，禁止解释。"
5 - 7 等于多少?,2,-2,-5,0,-2,B,"请选择一个选项5 - 7 等于多少?: A 2.0 , B -2.0 , C -5.0 , D 0.0。只能选择一个选项，禁止解释。","请选择一个选项5 - 7 等于多少?: B -2.0 , A 2.0 , C -5.0 , D 0.0。只能选择一个选项，禁止解释。"
9 - 10 等于多少?,-1,3,0,-3,-1,A,"请选择一个选项9 - 10 等于多少?: A -1.0 , B 3.0 , C 0.0 , D -3.0。只能选择一个选项，禁止解释。","请选择一个选项9 - 10 等于多少?: B 3.0 , A -1.0 , C 0.0 , D -3.0。只能选择一个选项，禁止解释。"
4 * 5 等于多少?,17,20,24,23,20,B,"请选择一个选项4 * 5 等于多少?: A 17.0 , B 20.0 , C 24.0 , D 23.0。只能选择一个选项，禁止解释。","请选择一个选项4 * 5 等于多少?: B 20.0 , A 17.0 , C 24.0 , D 23.0。只能选择一个选项，禁止解释。"
4 * 6 等于多少?,25,23,30,24,24,D,"请选择一个选项4 * 6 等于多少?: A 25.0 , B 23.0 , C 30.0 , D 24.0。只能选择一个选项，禁止解释。","请选择一个选项4 * 6 等于多少?: B 23.0 , A 25.0 , C 30.0 , D 24.0。只能选择一个选项，禁止解释。"
9 * 1 等于多少?,7,11,9,15,9,C,"请选择一个选项9 * 1 等于多少?: A 7.0 , B 11.0 , C 9.0 , D 15.0。只能选择一个选项，禁止解释。","请选择一个选项9 * 1 等于多少?: B 11.0 , A 7.0 , C 9.0 , D 15.0。只能选择一个选项，禁止解释。"
24 / 8 等于多少?,3,0,6,7,3,A,"请选择一个选项24 / 8 等于多少?: A 3.0 , B 0.0 , C 6.0 , D 7.0。只能选择一个选项，禁止解释。","请选择一个选项24 / 8 等于多少?: B 0.0 , A 3.0 , C 6.0 , D 7.0。只能选择一个选项，禁止解释。"
5 + 9 等于多少?,11,16,20,14,14,D,"请选择一个选项5 + 9 等于多少?: A 11.0 , B 16.0 , C 20.0 , D 14.0。只能选择一个选项，禁止解释。","请选择一个选项5 + 9 等于多少?: B 16.0 , A 11.0 , C 20.0 , D 14.0。只能选择一个选项，禁止解释。"
2 - 1 等于多少?,3,6,-1,1,1,D,"请选择一个选项2 - 1 等于多少?: A 3.0 , B 6.0 , C -1.0 , D 1.0。只能选择一个选项，禁止解释。","请选择一个选项2 - 1 等于多少?: B 6.0 , A 3.0 , C -1.0 , D 1.0。只能选择一个选项，禁止解释。"
24 / 6 等于多少?,10,2,5,4,4,D,"请选择一个选项24 / 6 等于多少?: A 10.0 , B 2.0 , C 5.0 , D 4.0。只能选择一个选项，禁止解释。","请选择一个选项24 / 6 等于多少?: B 2.0 , A 10.0 , C 5.0 , D 4.0。只能选择一个选项，禁止解释。"
18 / 6 等于多少?,3,6,2,7,3,A,"请选择一个选项18 / 6 等于多少?: A 3.0 , B 6.0 , C 2.0 , D 7.0。只能选择一个选项，禁止解释。","请选择一个选项18 / 6 等于多少?: B 6.0 , A 3.0 , C 2.0 , D 7.0。只能选择一个选项，禁止解释。"
7 * 1 等于多少?,7,9,6,11,7,A,"请选择一个选项7 * 1 等于多少?: A 7.0 , B 9.0 , C 6.0 , D 11.0。只能选择一个选项，禁止解释。","请选择一个选项7 * 1 等于多少?: B 9.0 , A 7.0 , C 6.0 , D 11.0。只能选择一个选项，禁止解释。"
6 / 2 等于多少?,3,4,9,2,3,A,"请选择一个选项6 / 2 等于多少?: A 3.0 , B 4.0 , C 9.0 , D 2.0。只能选择一个选项，禁止解释。","请选择一个选项6 / 2 等于多少?: B 4.0 , A 3.0 , C 9.0 , D 2.0。只能选择一个选项，禁止解释。"
4 * 2 等于多少?,11,14,8,7,8,C,"请选择一个选项4 * 2 等于多少?: A 11.0 , B 14.0 , C 8.0 , D 7.0。只能选择一个选项，禁止解释。","请选择一个选项4 * 2 等于多少?: B 14.0 , A 11.0 , C 8.0 , D 7.0。只能选择一个选项，禁止解释。"
2 / 1 等于多少?,0,3,2,6,2,C,"请选择一个选项2 / 1 等于多少?: A 0.0 , B 3.0 , C 2.0 , D 6.0。只能选择一个选项，禁止解释。","请选择一个选项2 / 1 等于多少?: B 3.0 , A 0.0 , C 2.0 , D 6.0。只能选择一个选项，禁止解释。"
9 + 2 等于多少?,14,16,10,11,11,D,"请选择一个选项9 + 2 等于多少?: A 14.0 , B 16.0 , C 10.0 , D 11.0。只能选择一个选项，禁止解释。","请选择一个选项9 + 2 等于多少?: B 16.0 , A 14.0 , C 10.0 , D 11.0。只能选择一个选项，禁止解释。"
3 - 10 等于多少?,-2,-7,-10,-4,-7,B,"请选择一个选项3 - 10 等于多少?: A -2.0 , B -7.0 , C -10.0 , D -4.0。只能选择一个选项，禁止解释。","请选择一个选项3 - 10 等于多少?: B -7.0 , A -2.0 , C -10.0 , D -4.0。只能选择一个选项，禁止解释。"
1 - 6 等于多少?,-4,1,-5,-6,-5,C,"请选择一个选项1 - 6 等于多少?: A -4.0 , B 1.0 , C -5.0 , D -6.0。只能选择一个选项，禁止解释。","请选择一个选项1 - 6 等于多少?: B 1.0 , A -4.0 , C -5.0 , D -6.0。只能选择一个选项，禁止解释。"
4 / 2 等于多少?,-1,2,8,4,2,B,"请选择一个选项4 / 2 等于多少?: A -1.0 , B 2.0 , C 8.0 , D 4.0。只能选择一个选项，禁止解释。","请选择一个选项4 / 2 等于多少?: B 2.0 , A -1.0 , C 8.0 , D 4.0。只能选择一个选项，禁止解释。"
4 * 9 等于多少?,39,40,34,36,36,D,"请选择一个选项4 * 9 等于多少?: A 39.0 , B 40.0 , C 34.0 , D 36.0。只能选择一个选项，禁止解释。","请选择一个选项4 * 9 等于多少?: B 40.0 , A 39.0 , C 34.0 , D 36.0。只能选择一个选项，禁止解释。"
8 - 7 等于多少?,4,1,-1,6,1,B,"请选择一个选项8 - 7 等于多少?: A 4.0 , B 1.0 , C -1.0 , D 6.0。只能选择一个选项，禁止解释。","请选择一个选项8 - 7 等于多少?: B 1.0 , A 4.0 , C -1.0 , D 6.0。只能选择一个选项，禁止解释。"
4 - 1 等于多少?,3,4,0,7,3,A,"请选择一个选项4 - 1 等于多少?: A 3.0 , B 4.0 , C 0.0 , D 7.0。只能选择一个选项，禁止解释。","请选择一个选项4 - 1 等于多少?: B 4.0 , A 3.0 , C 0.0 , D 7.0。只能选择一个选项，禁止解释。"
6 + 2 等于多少?,6,12,9,8,8,D,"请选择一个选项6 + 2 等于多少?: A 6.0 , B 12.0 , C 9.0 , D 8.0。只能选择一个选项，禁止解释。","请选择一个选项6 + 2 等于多少?: B 12.0 , A 6.0 , C 9.0 , D 8.0。只能选择一个选项，禁止解释。"
10 / 10 等于多少?,2,0,7,1,1,D,"请选择一个选项10 / 10 等于多少?: A 2.0 , B 0.0 , C 7.0 , D 1.0。只能选择一个选项，禁止解释。","请选择一个选项10 / 10 等于多少?: B 0.0 , A 2.0 , C 7.0 , D 1.0。只能选择一个选项，禁止解释。"
5 * 9 等于多少?,45,43,48,49,45,A,"请选择一个选项5 * 9 等于多少?: A 45.0 , B 43.0 , C 48.0 , D 49.0。只能选择一个选项，禁止解释。","请选择一个选项5 * 9 等于多少?: B 43.0 , A 45.0 , C 48.0 , D 49.0。只能选择一个选项，禁止解释。"
16 / 8 等于多少?,0,8,2,3,2,C,"请选择一个选项16 / 8 等于多少?: A 0.0 , B 8.0 , C 2.0 , D 3.0。只能选择一个选项，禁止解释。","请选择一个选项16 / 8 等于多少?: B 8.0 , A 0.0 , C 2.0 , D 3.0。只能选择一个选项，禁止解释。"
10 / 2 等于多少?,3,9,8,5,5,D,"请选择一个选项10 / 2 等于多少?: A 3.0 , B 9.0 , C 8.0 , D 5.0。只能选择一个选项，禁止解释。","请选择一个选项10 / 2 等于多少?: B 9.0 , A 3.0 , C 8.0 , D 5.0。只能选择一个选项，禁止解释。"
10 * 5 等于多少?,52,50,49,55,50,B,"请选择一个选项10 * 5 等于多少?: A 52.0 , B 50.0 , C 49.0 , D 55.0。只能选择一个选项，禁止解释。","请选择一个选项10 * 5 等于多少?: B 50.0 , A 52.0 , C 49.0 , D 55.0。只能选择一个选项，禁止解释。"
2 + 10 等于多少?,15,10,16,12,12,D,"请选择一个选项2 + 10 等于多少?: A 15.0 , B 10.0 , C 16.0 , D 12.0。只能选择一个选项，禁止解释。","请选择一个选项2 + 10 等于多少?: B 10.0 , A 15.0 , C 16.0 , D 12.0。只能选择一个选项，禁止解释。"
54 / 9 等于多少?,6,3,7,10,6,A,"请选择一个选项54 / 9 等于多少?: A 6.0 , B 3.0 , C 7.0 , D 10.0。只能选择一个选项，禁止解释。","请选择一个选项54 / 9 等于多少?: B 3.0 , A 6.0 , C 7.0 , D 10.0。只能选择一个选项，禁止解释。"
3 * 8 等于多少?,29,24,25,23,24,B,"请选择一个选项3 * 8 等于多少?: A 29.0 , B 24.0 , C 25.0 , D 23.0。只能选择一个选项，禁止解释。","请选择一个选项3 * 8 等于多少?: B 24.0 , A 29.0 , C 25.0 , D 23.0。只能选择一个选项，禁止解释。"
10 - 5 等于多少?,5,7,4,9,5,A,"请选择一个选项10 - 5 等于多少?: A 5.0 , B 7.0 , C 4.0 , D 9.0。只能选择一个选项，禁止解释。","请选择一个选项10 - 5 等于多少?: B 7.0 , A 5.0 , C 4.0 , D 9.0。只能选择一个选项，禁止解释。"
9 * 1 等于多少?,7,11,9,13,9,C,"请选择一个选项9 * 1 等于多少?: A 7.0 , B 11.0 , C 9.0 , D 13.0。只能选择一个选项，禁止解释。","请选择一个选项9 * 1 等于多少?: B 11.0 , A 7.0 , C 9.0 , D 13.0。只能选择一个选项，禁止解释。"
10 * 7 等于多少?,70,73,67,76,70,A,"请选择一个选项10 * 7 等于多少?: A 70.0 , B 73.0 , C 67.0 , D 76.0。只能选择一个选项，禁止解释。","请选择一个选项10 * 7 等于多少?: B 73.0 , A 70.0 , C 67.0 , D 76.0。只能选择一个选项，禁止解释。"
48 / 8 等于多少?,5,6,11,9,6,B,"请选择一个选项48 / 8 等于多少?: A 5.0 , B 6.0 , C 11.0 , D 9.0。只能选择一个选项，禁止解释。","请选择一个选项48 / 8 等于多少?: B 6.0 , A 5.0 , C 11.0 , D 9.0。只能选择一个选项，禁止解释。"
10 * 4 等于多少?,46,40,37,43,40,B,"请选择一个选项10 * 4 等于多少?: A 46.0 , B 40.0 , C 37.0 , D 43.0。只能选择一个选项，禁止解释。","请选择一个选项10 * 4 等于多少?: B 40.0 , A 46.0 , C 37.0 , D 43.0。只能选择一个选项，禁止解释。"
1 + 6 等于多少?,9,4,13,7,7,D,"请选择一个选项1 + 6 等于多少?: A 9.0 , B 4.0 , C 13.0 , D 7.0。只能选择一个选项，禁止解释。","请选择一个选项1 + 6 等于多少?: B 4.0 , A 9.0 , C 13.0 , D 7.0。只能选择一个选项，禁止解释。"
15 / 3 等于多少?,3,5,6,9,5,B,"请选择一个选项15 / 3 等于多少?: A 3.0 , B 5.0 , C 6.0 , D 9.0。只能选择一个选项，禁止解释。","请选择一个选项15 / 3 等于多少?: B 5.0 , A 3.0 , C 6.0 , D 9.0。只能选择一个选项，禁止解释。"
5 + 3 等于多少?,8,11,13,6,8,A,"请选择一个选项5 + 3 等于多少?: A 8.0 , B 11.0 , C 13.0 , D 6.0。只能选择一个选项，禁止解释。","请选择一个选项5 + 3 等于多少?: B 11.0 , A 8.0 , C 13.0 , D 6.0。只能选择一个选项，禁止解释。"
6 - 1 等于多少?,11,6,4,5,5,D,"请选择一个选项6 - 1 等于多少?: A 11.0 , B 6.0 , C 4.0 , D 5.0。只能选择一个选项，禁止解释。","请选择一个选项6 - 1 等于多少?: B 6.0 , A 11.0 , C 4.0 , D 5.0。只能选择一个选项，禁止解释。"
6 - 2 等于多少?,10,6,1,4,4,D,"请选择一个选项6 - 2 等于多少?: A 10.0 , B 6.0 , C 1.0 , D 4.0。只能选择一个选项，禁止解释。","请选择一个选项6 - 2 等于多少?: B 6.0 , A 10.0 , C 1.0 , D 4.0。只能选择一个选项，禁止解释。"
10 * 3 等于多少?,28,31,36,30,30,D,"请选择一个选项10 * 3 等于多少?: A 28.0 , B 31.0 , C 36.0 , D 30.0。只能选择一个选项，禁止解释。","请选择一个选项10 * 3 等于多少?: B 31.0 , A 28.0 , C 36.0 , D 30.0。只能选择一个选项，禁止解释。"
8 - 4 等于多少?,5,8,3,4,4,D,"请选择一个选项8 - 4 等于多少?: A 5.0 , B 8.0 , C 3.0 , D 4.0。只能选择一个选项，禁止解释。","请选择一个选项8 - 4 等于多少?: B 8.0 , A 5.0 , C 3.0 , D 4.0。只能选择一个选项，禁止解释。"
8 * 3 等于多少?,26,24,23,28,24,B,"请选择一个选项8 * 3 等于多少?: A 26.0 , B 24.0 , C 23.0 , D 28.0。只能选择一个选项，禁止解释。","请选择一个选项8 * 3 等于多少?: B 24.0 , A 26.0 , C 23.0 , D 28.0。只能选择一个选项，禁止解释。"
3 - 9 等于多少?,-8,-2,-4,-6,-6,D,"请选择一个选项3 - 9 等于多少?: A -8.0 , B -2.0 , C -4.0 , D -6.0。只能选择一个选项，禁止解释。","请选择一个选项3 - 9 等于多少?: B -2.0 , A -8.0 , C -4.0 , D -6.0。只能选择一个选项，禁止解释。"
6 - 4 等于多少?,1,2,6,5,2,B,"请选择一个选项6 - 4 等于多少?: A 1.0 , B 2.0 , C 6.0 , D 5.0。只能选择一个选项，禁止解释。","请选择一个选项6 - 4 等于多少?: B 2.0 , A 1.0 , C 6.0 , D 5.0。只能选择一个选项，禁止解释。"
4 * 5 等于多少?,20,25,19,22,20,A,"请选择一个选项4 * 5 等于多少?: A 20.0 , B 25.0 , C 19.0 , D 22.0。只能选择一个选项，禁止解释。","请选择一个选项4 * 5 等于多少?: B 25.0 , A 20.0 , C 19.0 , D 22.0。只能选择一个选项，禁止解释。"
70 / 10 等于多少?,6,8,13,7,7,D,"请选择一个选项70 / 10 等于多少?: A 6.0 , B 8.0 , C 13.0 , D 7.0。只能选择一个选项，禁止解释。","请选择一个选项70 / 10 等于多少?: B 8.0 , A 6.0 , C 13.0 , D 7.0。只能选择一个选项，禁止解释。"
4 + 2 等于多少?,7,4,11,6,6,D,"请选择一个选项4 + 2 等于多少?: A 7.0 , B 4.0 , C 11.0 , D 6.0。只能选择一个选项，禁止解释。","请选择一个选项4 + 2 等于多少?: B 4.0 , A 7.0 , C 11.0 , D 6.0。只能选择一个选项，禁止解释。"
28 / 4 等于多少?,12,7,5,8,7,B,"请选择一个选项28 / 4 等于多少?: A 12.0 , B 7.0 , C 5.0 , D 8.0。只能选择一个选项，禁止解释。","请选择一个选项28 / 4 等于多少?: B 7.0 , A 12.0 , C 5.0 , D 8.0。只能选择一个选项，禁止解释。"
7 * 7 等于多少?,48,49,50,55,49,B,"请选择一个选项7 * 7 等于多少?: A 48.0 , B 49.0 , C 50.0 , D 55.0。只能选择一个选项，禁止解释。","请选择一个选项7 * 7 等于多少?: B 49.0 , A 48.0 , C 50.0 , D 55.0。只能选择一个选项，禁止解释。"
7 / 7 等于多少?,4,6,-2,1,1,D,"请选择一个选项7 / 7 等于多少?: A 4.0 , B 6.0 , C -2.0 , D 1.0。只能选择一个选项，禁止解释。","请选择一个选项7 / 7 等于多少?: B 6.0 , A 4.0 , C -2.0 , D 1.0。只能选择一个选项，禁止解释。"
8 + 4 等于多少?,18,12,11,15,12,B,"请选择一个选项8 + 4 等于多少?: A 18.0 , B 12.0 , C 11.0 , D 15.0。只能选择一个选项，禁止解释。","请选择一个选项8 + 4 等于多少?: B 12.0 , A 18.0 , C 11.0 , D 15.0。只能选择一个选项，禁止解释。"
63 / 7 等于多少?,7,9,11,13,9,B,"请选择一个选项63 / 7 等于多少?: A 7.0 , B 9.0 , C 11.0 , D 13.0。只能选择一个选项，禁止解释。","请选择一个选项63 / 7 等于多少?: B 9.0 , A 7.0 , C 11.0 , D 13.0。只能选择一个选项，禁止解释。"
2 * 6 等于多少?,13,12,16,9,12,B,"请选择一个选项2 * 6 等于多少?: A 13.0 , B 12.0 , C 16.0 , D 9.0。只能选择一个选项，禁止解释。","请选择一个选项2 * 6 等于多少?: B 12.0 , A 13.0 , C 16.0 , D 9.0。只能选择一个选项，禁止解释。"
3 * 4 等于多少?,12,11,17,15,12,A,"请选择一个选项3 * 4 等于多少?: A 12.0 , B 11.0 , C 17.0 , D 15.0。只能选择一个选项，禁止解释。","请选择一个选项3 * 4 等于多少?: B 11.0 , A 12.0 , C 17.0 , D 15.0。只能选择一个选项，禁止解释。"
5 * 3 等于多少?,18,12,15,21,15,C,"请选择一个选项5 * 3 等于多少?: A 18.0 , B 12.0 , C 15.0 , D 21.0。只能选择一个选项，禁止解释。","请选择一个选项5 * 3 等于多少?: B 12.0 , A 18.0 , C 15.0 , D 21.0。只能选择一个选项，禁止解释。"
3 * 5 等于多少?,13,15,17,19,15,B,"请选择一个选项3 * 5 等于多少?: A 13.0 , B 15.0 , C 17.0 , D 19.0。只能选择一个选项，禁止解释。","请选择一个选项3 * 5 等于多少?: B 15.0 , A 13.0 , C 17.0 , D 19.0。只能选择一个选项，禁止解释。"
10 - 1 等于多少?,13,10,9,7,9,C,"请选择一个选项10 - 1 等于多少?: A 13.0 , B 10.0 , C 9.0 , D 7.0。只能选择一个选项，禁止解释。","请选择一个选项10 - 1 等于多少?: B 10.0 , A 13.0 , C 9.0 , D 7.0。只能选择一个选项，禁止解释。"
5 + 7 等于多少?,11,15,16,12,12,D,"请选择一个选项5 + 7 等于多少?: A 11.0 , B 15.0 , C 16.0 , D 12.0。只能选择一个选项，禁止解释。","请选择一个选项5 + 7 等于多少?: B 15.0 , A 11.0 , C 16.0 , D 12.0。只能选择一个选项，禁止解释。"
1 * 7 等于多少?,5,7,12,10,7,B,"请选择一个选项1 * 7 等于多少?: A 5.0 , B 7.0 , C 12.0 , D 10.0。只能选择一个选项，禁止解释。","请选择一个选项1 * 7 等于多少?: B 7.0 , A 5.0 , C 12.0 , D 10.0。只能选择一个选项，禁止解释。"
10 + 7 等于多少?,22,18,15,17,17,D,"请选择一个选项10 + 7 等于多少?: A 22.0 , B 18.0 , C 15.0 , D 17.0。只能选择一个选项，禁止解释。","请选择一个选项10 + 7 等于多少?: B 18.0 , A 22.0 , C 15.0 , D 17.0。只能选择一个选项，禁止解释。"
2 * 8 等于多少?,17,16,13,22,16,B,"请选择一个选项2 * 8 等于多少?: A 17.0 , B 16.0 , C 13.0 , D 22.0。只能选择一个选项，禁止解释。","请选择一个选项2 * 8 等于多少?: B 16.0 , A 17.0 , C 13.0 , D 22.0。只能选择一个选项，禁止解释。"
1 / 1 等于多少?,1,0,6,3,1,A,"请选择一个选项1 / 1 等于多少?: A 1.0 , B 0.0 , C 6.0 , D 3.0。只能选择一个选项，禁止解释。","请选择一个选项1 / 1 等于多少?: B 0.0 , A 1.0 , C 6.0 , D 3.0。只能选择一个选项，禁止解释。"
10 * 10 等于多少?,101,105,100,98,100,C,"请选择一个选项10 * 10 等于多少?: A 101.0 , B 105.0 , C 100.0 , D 98.0。只能选择一个选项，禁止解释。","请选择一个选项10 * 10 等于多少?: B 105.0 , A 101.0 , C 100.0 , D 98.0。只能选择一个选项，禁止解释。"
10 * 7 等于多少?,70,72,74,67,70,A,"请选择一个选项10 * 7 等于多少?: A 70.0 , B 72.0 , C 74.0 , D 67.0。只能选择一个选项，禁止解释。","请选择一个选项10 * 7 等于多少?: B 72.0 , A 70.0 , C 74.0 , D 67.0。只能选择一个选项，禁止解释。"
10 * 8 等于多少?,83,78,84,80,80,D,"请选择一个选项10 * 8 等于多少?: A 83.0 , B 78.0 , C 84.0 , D 80.0。只能选择一个选项，禁止解释。","请选择一个选项10 * 8 等于多少?: B 78.0 , A 83.0 , C 84.0 , D 80.0。只能选择一个选项，禁止解释。"
4 - 9 等于多少?,-8,-4,-5,1,-5,C,"请选择一个选项4 - 9 等于多少?: A -8.0 , B -4.0 , C -5.0 , D 1.0。只能选择一个选项，禁止解释。","请选择一个选项4 - 9 等于多少?: B -4.0 , A -8.0 , C -5.0 , D 1.0。只能选择一个选项，禁止解释。"
9 * 6 等于多少?,55,52,54,60,54,C,"请选择一个选项9 * 6 等于多少?: A 55.0 , B 52.0 , C 54.0 , D 60.0。只能选择一个选项，禁止解释。","请选择一个选项9 * 6 等于多少?: B 52.0 , A 55.0 , C 54.0 , D 60.0。只能选择一个选项，禁止解释。"
6 - 8 等于多少?,-2,-3,-1,2,-2,A,"请选择一个选项6 - 8 等于多少?: A -2.0 , B -3.0 , C -1.0 , D 2.0。只能选择一个选项，禁止解释。","请选择一个选项6 - 8 等于多少?: B -3.0 , A -2.0 , C -1.0 , D 2.0。只能选择一个选项，禁止解释。"
16 / 2 等于多少?,9,8,12,6,8,B,"请选择一个选项16 / 2 等于多少?: A 9.0 , B 8.0 , C 12.0 , D 6.0。只能选择一个选项，禁止解释。","请选择一个选项16 / 2 等于多少?: B 8.0 , A 9.0 , C 12.0 , D 6.0。只能选择一个选项，禁止解释。"
1 - 5 等于多少?,1,-3,-4,-6,-4,C,"请选择一个选项1 - 5 等于多少?: A 1.0 , B -3.0 , C -4.0 , D -6.0。只能选择一个选项，禁止解释。","请选择一个选项1 - 5 等于多少?: B -3.0 , A 1.0 , C -4.0 , D -6.0。只能选择一个选项，禁止解释。"
5 + 10 等于多少?,18,20,12,15,15,D,"请选择一个选项5 + 10 等于多少?: A 18.0 , B 20.0 , C 12.0 , D 15.0。只能选择一个选项，禁止解释。","请选择一个选项5 + 10 等于多少?: B 20.0 , A 18.0 , C 12.0 , D 15.0。只能选择一个选项，禁止解释。"
10 * 9 等于多少?,93,95,90,88,90,C,"请选择一个选项10 * 9 等于多少?: A 93.0 , B 95.0 , C 90.0 , D 88.0。只能选择一个选项，禁止解释。","请选择一个选项10 * 9 等于多少?: B 95.0 , A 93.0 , C 90.0 , D 88.0。只能选择一个选项，禁止解释。"
9 / 9 等于多少?,1,4,0,5,1,A,"请选择一个选项9 / 9 等于多少?: A 1.0 , B 4.0 , C 0.0 , D 5.0。只能选择一个选项，禁止解释。","请选择一个选项9 / 9 等于多少?: B 4.0 , A 1.0 , C 0.0 , D 5.0。只能选择一个选项，禁止解释。"
8 + 4 等于多少?,11,12,17,14,12,B,"请选择一个选项8 + 4 等于多少?: A 11.0 , B 12.0 , C 17.0 , D 14.0。只能选择一个选项，禁止解释。","请选择一个选项8 + 4 等于多少?: B 12.0 , A 11.0 , C 17.0 , D 14.0。只能选择一个选项，禁止解释。"
8 * 10 等于多少?,80,79,86,81,80,A,"请选择一个选项8 * 10 等于多少?: A 80.0 , B 79.0 , C 86.0 , D 81.0。只能选择一个选项，禁止解释。","请选择一个选项8 * 10 等于多少?: B 79.0 , A 80.0 , C 86.0 , D 81.0。只能选择一个选项，禁止解释。"
60 / 6 等于多少?,12,9,16,10,10,D,"请选择一个选项60 / 6 等于多少?: A 12.0 , B 9.0 , C 16.0 , D 10.0。只能选择一个选项，禁止解释。","请选择一个选项60 / 6 等于多少?: B 9.0 , A 12.0 , C 16.0 , D 10.0。只能选择一个选项，禁止解释。"
10 * 1 等于多少?,11,7,14,10,10,D,"请选择一个选项10 * 1 等于多少?: A 11.0 , B 7.0 , C 14.0 , D 10.0。只能选择一个选项，禁止解释。","请选择一个选项10 * 1 等于多少?: B 7.0 , A 11.0 , C 14.0 , D 10.0。只能选择一个选项，禁止解释。"
4 * 3 等于多少?,11,16,12,13,12,C,"请选择一个选项4 * 3 等于多少?: A 11.0 , B 16.0 , C 12.0 , D 13.0。只能选择一个选项，禁止解释。","请选择一个选项4 * 3 等于多少?: B 16.0 , A 11.0 , C 12.0 , D 13.0。只能选择一个选项，禁止解释。"
8 - 5 等于多少?,3,1,4,8,3,A,"请选择一个选项8 - 5 等于多少?: A 3.0 , B 1.0 , C 4.0 , D 8.0。只能选择一个选项，禁止解释。","请选择一个选项8 - 5 等于多少?: B 1.0 , A 3.0 , C 4.0 , D 8.0。只能选择一个选项，禁止解释。"
3 + 8 等于多少?,12,10,11,17,11,C,"请选择一个选项3 + 8 等于多少?: A 12.0 , B 10.0 , C 11.0 , D 17.0。只能选择一个选项，禁止解释。","请选择一个选项3 + 8 等于多少?: B 10.0 , A 12.0 , C 11.0 , D 17.0。只能选择一个选项，禁止解释。"
70 / 7 等于多少?,15,8,10,11,10,C,"请选择一个选项70 / 7 等于多少?: A 15.0 , B 8.0 , C 10.0 , D 11.0。只能选择一个选项，禁止解释。","请选择一个选项70 / 7 等于多少?: B 8.0 , A 15.0 , C 10.0 , D 11.0。只能选择一个选项，禁止解释。"
10 + 6 等于多少?,19,13,20,16,16,D,"请选择一个选项10 + 6 等于多少?: A 19.0 , B 13.0 , C 20.0 , D 16.0。只能选择一个选项，禁止解释。","请选择一个选项10 + 6 等于多少?: B 13.0 , A 19.0 , C 20.0 , D 16.0。只能选择一个选项，禁止解释。"
8 * 6 等于多少?,48,51,53,45,48,A,"请选择一个选项8 * 6 等于多少?: A 48.0 , B 51.0 , C 53.0 , D 45.0。只能选择一个选项，禁止解释。","请选择一个选项8 * 6 等于多少?: B 51.0 , A 48.0 , C 53.0 , D 45.0。只能选择一个选项，禁止解释。"
5 * 8 等于多少?,41,45,40,38,40,C,"请选择一个选项5 * 8 等于多少?: A 41.0 , B 45.0 , C 40.0 , D 38.0。只能选择一个选项，禁止解释。","请选择一个选项5 * 8 等于多少?: B 45.0 , A 41.0 , C 40.0 , D 38.0。只能选择一个选项，禁止解释。"
6 * 7 等于多少?,42,43,40,48,42,A,"请选择一个选项6 * 7 等于多少?: A 42.0 , B 43.0 , C 40.0 , D 48.0。只能选择一个选项，禁止解释。","请选择一个选项6 * 7 等于多少?: B 43.0 , A 42.0 , C 40.0 , D 48.0。只能选择一个选项，禁止解释。"
40 / 4 等于多少?,9,10,14,12,10,B,"请选择一个选项40 / 4 等于多少?: A 9.0 , B 10.0 , C 14.0 , D 12.0。只能选择一个选项，禁止解释。","请选择一个选项40 / 4 等于多少?: B 10.0 , A 9.0 , C 14.0 , D 12.0。只能选择一个选项，禁止解释。"
10 / 2 等于多少?,5,10,2,7,5,A,"请选择一个选项10 / 2 等于多少?: A 5.0 , B 10.0 , C 2.0 , D 7.0。只能选择一个选项，禁止解释。","请选择一个选项10 / 2 等于多少?: B 10.0 , A 5.0 , C 2.0 , D 7.0。只能选择一个选项，禁止解释。"
8 + 9 等于多少?,18,16,22,17,17,D,"请选择一个选项8 + 9 等于多少?: A 18.0 , B 16.0 , C 22.0 , D 17.0。只能选择一个选项，禁止解释。","请选择一个选项8 + 9 等于多少?: B 16.0 , A 18.0 , C 22.0 , D 17.0。只能选择一个选项，禁止解释。"
4 * 5 等于多少?,26,22,19,20,20,D,"请选择一个选项4 * 5 等于多少?: A 26.0 , B 22.0 , C 19.0 , D 20.0。只能选择一个选项，禁止解释。","请选择一个选项4 * 5 等于多少?: B 22.0 , A 26.0 , C 19.0 , D 20.0。只能选择一个选项，禁止解释。"
4 + 9 等于多少?,12,14,13,19,13,C,"请选择一个选项4 + 9 等于多少?: A 12.0 , B 14.0 , C 13.0 , D 19.0。只能选择一个选项，禁止解释。","请选择一个选项4 + 9 等于多少?: B 14.0 , A 12.0 , C 13.0 , D 19.0。只能选择一个选项，禁止解释。"
4 - 7 等于多少?,-4,2,-2,-3,-3,D,"请选择一个选项4 - 7 等于多少?: A -4.0 , B 2.0 , C -2.0 , D -3.0。只能选择一个选项，禁止解释。","请选择一个选项4 - 7 等于多少?: B 2.0 , A -4.0 , C -2.0 , D -3.0。只能选择一个选项，禁止解释。"
6 * 9 等于多少?,54,60,53,55,54,A,"请选择一个选项6 * 9 等于多少?: A 54.0 , B 60.0 , C 53.0 , D 55.0。只能选择一个选项，禁止解释。","请选择一个选项6 * 9 等于多少?: B 60.0 , A 54.0 , C 53.0 , D 55.0。只能选择一个选项，禁止解释。"
20 / 5 等于多少?,3,4,9,6,4,B,"请选择一个选项20 / 5 等于多少?: A 3.0 , B 4.0 , C 9.0 , D 6.0。只能选择一个选项，禁止解释。","请选择一个选项20 / 5 等于多少?: B 4.0 , A 3.0 , C 9.0 , D 6.0。只能选择一个选项，禁止解释。"
5 + 8 等于多少?,18,10,13,15,13,C,"请选择一个选项5 + 8 等于多少?: A 18.0 , B 10.0 , C 13.0 , D 15.0。只能选择一个选项，禁止解释。","请选择一个选项5 + 8 等于多少?: B 10.0 , A 18.0 , C 13.0 , D 15.0。只能选择一个选项，禁止解释。"
3 * 3 等于多少?,6,12,15,9,9,D,"请选择一个选项3 * 3 等于多少?: A 6.0 , B 12.0 , C 15.0 , D 9.0。只能选择一个选项，禁止解释。","请选择一个选项3 * 3 等于多少?: B 12.0 , A 6.0 , C 15.0 , D 9.0。只能选择一个选项，禁止解释。"
5 + 4 等于多少?,14,7,11,9,9,D,"请选择一个选项5 + 4 等于多少?: A 14.0 , B 7.0 , C 11.0 , D 9.0。只能选择一个选项，禁止解释。","请选择一个选项5 + 4 等于多少?: B 7.0 , A 14.0 , C 11.0 , D 9.0。只能选择一个选项，禁止解释。"
4 - 9 等于多少?,-5,-4,-7,0,-5,A,"请选择一个选项4 - 9 等于多少?: A -5.0 , B -4.0 , C -7.0 , D 0.0。只能选择一个选项，禁止解释。","请选择一个选项4 - 9 等于多少?: B -4.0 , A -5.0 , C -7.0 , D 0.0。只能选择一个选项，禁止解释。"
9 + 5 等于多少?,12,18,15,14,14,D,"请选择一个选项9 + 5 等于多少?: A 12.0 , B 18.0 , C 15.0 , D 14.0。只能选择一个选项，禁止解释。","请选择一个选项9 + 5 等于多少?: B 18.0 , A 12.0 , C 15.0 , D 14.0。只能选择一个选项，禁止解释。"
6 - 4 等于多少?,2,3,-1,8,2,A,"请选择一个选项6 - 4 等于多少?: A 2.0 , B 3.0 , C -1.0 , D 8.0。只能选择一个选项，禁止解释。","请选择一个选项6 - 4 等于多少?: B 3.0 , A 2.0 , C -1.0 , D 8.0。只能选择一个选项，禁止解释。"
3 + 3 等于多少?,6,12,8,4,6,A,"请选择一个选项3 + 3 等于多少?: A 6.0 , B 12.0 , C 8.0 , D 4.0。只能选择一个选项，禁止解释。","请选择一个选项3 + 3 等于多少?: B 12.0 , A 6.0 , C 8.0 , D 4.0。只能选择一个选项，禁止解释。"
20 / 5 等于多少?,4,7,8,3,4,A,"请选择一个选项20 / 5 等于多少?: A 4.0 , B 7.0 , C 8.0 , D 3.0。只能选择一个选项，禁止解释。","请选择一个选项20 / 5 等于多少?: B 7.0 , A 4.0 , C 8.0 , D 3.0。只能选择一个选项，禁止解释。"
28 / 7 等于多少?,10,7,1,4,4,D,"请选择一个选项28 / 7 等于多少?: A 10.0 , B 7.0 , C 1.0 , D 4.0。只能选择一个选项，禁止解释。","请选择一个选项28 / 7 等于多少?: B 7.0 , A 10.0 , C 1.0 , D 4.0。只能选择一个选项，禁止解释。"
3 * 10 等于多少?,29,30,34,31,30,B,"请选择一个选项3 * 10 等于多少?: A 29.0 , B 30.0 , C 34.0 , D 31.0。只能选择一个选项，禁止解释。","请选择一个选项3 * 10 等于多少?: B 30.0 , A 29.0 , C 34.0 , D 31.0。只能选择一个选项，禁止解释。"
5 + 3 等于多少?,12,9,8,5,8,C,"请选择一个选项5 + 3 等于多少?: A 12.0 , B 9.0 , C 8.0 , D 5.0。只能选择一个选项，禁止解释。","请选择一个选项5 + 3 等于多少?: B 9.0 , A 12.0 , C 8.0 , D 5.0。只能选择一个选项，禁止解释。"
6 - 7 等于多少?,4,-3,1,-1,-1,D,"请选择一个选项6 - 7 等于多少?: A 4.0 , B -3.0 , C 1.0 , D -1.0。只能选择一个选项，禁止解释。","请选择一个选项6 - 7 等于多少?: B -3.0 , A 4.0 , C 1.0 , D -1.0。只能选择一个选项，禁止解释。"
3 / 3 等于多少?,1,2,-1,6,1,A,"请选择一个选项3 / 3 等于多少?: A 1.0 , B 2.0 , C -1.0 , D 6.0。只能选择一个选项，禁止解释。","请选择一个选项3 / 3 等于多少?: B 2.0 , A 1.0 , C -1.0 , D 6.0。只能选择一个选项，禁止解释。"
1 * 8 等于多少?,14,10,6,8,8,D,"请选择一个选项1 * 8 等于多少?: A 14.0 , B 10.0 , C 6.0 , D 8.0。只能选择一个选项，禁止解释。","请选择一个选项1 * 8 等于多少?: B 10.0 , A 14.0 , C 6.0 , D 8.0。只能选择一个选项，禁止解释。"
6 - 5 等于多少?,4,7,1,-1,1,C,"请选择一个选项6 - 5 等于多少?: A 4.0 , B 7.0 , C 1.0 , D -1.0。只能选择一个选项，禁止解释。","请选择一个选项6 - 5 等于多少?: B 7.0 , A 4.0 , C 1.0 , D -1.0。只能选择一个选项，禁止解释。"
50 / 5 等于多少?,10,8,13,16,10,A,"请选择一个选项50 / 5 等于多少?: A 10.0 , B 8.0 , C 13.0 , D 16.0。只能选择一个选项，禁止解释。","请选择一个选项50 / 5 等于多少?: B 8.0 , A 10.0 , C 13.0 , D 16.0。只能选择一个选项，禁止解释。"
4 * 9 等于多少?,40,34,36,39,36,C,"请选择一个选项4 * 9 等于多少?: A 40.0 , B 34.0 , C 36.0 , D 39.0。只能选择一个选项，禁止解释。","请选择一个选项4 * 9 等于多少?: B 34.0 , A 40.0 , C 36.0 , D 39.0。只能选择一个选项，禁止解释。"
6 - 8 等于多少?,1,-2,4,-5,-2,B,"请选择一个选项6 - 8 等于多少?: A 1.0 , B -2.0 , C 4.0 , D -5.0。只能选择一个选项，禁止解释。","请选择一个选项6 - 8 等于多少?: B -2.0 , A 1.0 , C 4.0 , D -5.0。只能选择一个选项，禁止解释。"
5 * 4 等于多少?,26,20,17,23,20,B,"请选择一个选项5 * 4 等于多少?: A 26.0 , B 20.0 , C 17.0 , D 23.0。只能选择一个选项，禁止解释。","请选择一个选项5 * 4 等于多少?: B 20.0 , A 26.0 , C 17.0 , D 23.0。只能选择一个选项，禁止解释。"
1 * 10 等于多少?,14,9,10,11,10,C,"请选择一个选项1 * 10 等于多少?: A 14.0 , B 9.0 , C 10.0 , D 11.0。只能选择一个选项，禁止解释。","请选择一个选项1 * 10 等于多少?: B 9.0 , A 14.0 , C 10.0 , D 11.0。只能选择一个选项，禁止解释。"
8 + 2 等于多少?,15,10,12,9,10,B,"请选择一个选项8 + 2 等于多少?: A 15.0 , B 10.0 , C 12.0 , D 9.0。只能选择一个选项，禁止解释。","请选择一个选项8 + 2 等于多少?: B 10.0 , A 15.0 , C 12.0 , D 9.0。只能选择一个选项，禁止解释。"
63 / 7 等于多少?,9,13,11,6,9,A,"请选择一个选项63 / 7 等于多少?: A 9.0 , B 13.0 , C 11.0 , D 6.0。只能选择一个选项，禁止解释。","请选择一个选项63 / 7 等于多少?: B 13.0 , A 9.0 , C 11.0 , D 6.0。只能选择一个选项，禁止解释。"
3 - 9 等于多少?,-7,-6,-5,-1,-6,B,"请选择一个选项3 - 9 等于多少?: A -7.0 , B -6.0 , C -5.0 , D -1.0。只能选择一个选项，禁止解释。","请选择一个选项3 - 9 等于多少?: B -6.0 , A -7.0 , C -5.0 , D -1.0。只能选择一个选项，禁止解释。"
3 - 9 等于多少?,-3,-2,-6,-8,-6,C,"请选择一个选项3 - 9 等于多少?: A -3.0 , B -2.0 , C -6.0 , D -8.0。只能选择一个选项，禁止解释。","请选择一个选项3 - 9 等于多少?: B -2.0 , A -3.0 , C -6.0 , D -8.0。只能选择一个选项，禁止解释。"
2 / 1 等于多少?,2,7,0,3,2,A,"请选择一个选项2 / 1 等于多少?: A 2.0 , B 7.0 , C 0.0 , D 3.0。只能选择一个选项，禁止解释。","请选择一个选项2 / 1 等于多少?: B 7.0 , A 2.0 , C 0.0 , D 3.0。只能选择一个选项，禁止解释。"
9 * 5 等于多少?,51,46,43,45,45,D,"请选择一个选项9 * 5 等于多少?: A 51.0 , B 46.0 , C 43.0 , D 45.0。只能选择一个选项，禁止解释。","请选择一个选项9 * 5 等于多少?: B 46.0 , A 51.0 , C 43.0 , D 45.0。只能选择一个选项，禁止解释。"
1 * 8 等于多少?,14,11,7,8,8,D,"请选择一个选项1 * 8 等于多少?: A 14.0 , B 11.0 , C 7.0 , D 8.0。只能选择一个选项，禁止解释。","请选择一个选项1 * 8 等于多少?: B 11.0 , A 14.0 , C 7.0 , D 8.0。只能选择一个选项，禁止解释。"
1 - 8 等于多少?,-7,-3,-9,-5,-7,A,"请选择一个选项1 - 8 等于多少?: A -7.0 , B -3.0 , C -9.0 , D -5.0。只能选择一个选项，禁止解释。","请选择一个选项1 - 8 等于多少?: B -3.0 , A -7.0 , C -9.0 , D -5.0。只能选择一个选项，禁止解释。"
20 / 10 等于多少?,-1,6,2,3,2,C,"请选择一个选项20 / 10 等于多少?: A -1.0 , B 6.0 , C 2.0 , D 3.0。只能选择一个选项，禁止解释。","请选择一个选项20 / 10 等于多少?: B 6.0 , A -1.0 , C 2.0 , D 3.0。只能选择一个选项，禁止解释。"
27 / 9 等于多少?,0,3,4,8,3,B,"请选择一个选项27 / 9 等于多少?: A 0.0 , B 3.0 , C 4.0 , D 8.0。只能选择一个选项，禁止解释。","请选择一个选项27 / 9 等于多少?: B 3.0 , A 0.0 , C 4.0 , D 8.0。只能选择一个选项，禁止解释。"
56 / 7 等于多少?,8,12,5,9,8,A,"请选择一个选项56 / 7 等于多少?: A 8.0 , B 12.0 , C 5.0 , D 9.0。只能选择一个选项，禁止解释。","请选择一个选项56 / 7 等于多少?: B 12.0 , A 8.0 , C 5.0 , D 9.0。只能选择一个选项，禁止解释。"
1 - 2 等于多少?,3,-1,-3,0,-1,B,"请选择一个选项1 - 2 等于多少?: A 3.0 , B -1.0 , C -3.0 , D 0.0。只能选择一个选项，禁止解释。","请选择一个选项1 - 2 等于多少?: B -1.0 , A 3.0 , C -3.0 , D 0.0。只能选择一个选项，禁止解释。"
5 * 4 等于多少?,23,17,20,24,20,C,"请选择一个选项5 * 4 等于多少?: A 23.0 , B 17.0 , C 20.0 , D 24.0。只能选择一个选项，禁止解释。","请选择一个选项5 * 4 等于多少?: B 17.0 , A 23.0 , C 20.0 , D 24.0。只能选择一个选项，禁止解释。"
2 + 8 等于多少?,7,16,10,12,10,C,"请选择一个选项2 + 8 等于多少?: A 7.0 , B 16.0 , C 10.0 , D 12.0。只能选择一个选项，禁止解释。","请选择一个选项2 + 8 等于多少?: B 16.0 , A 7.0 , C 10.0 , D 12.0。只能选择一个选项，禁止解释。"
18 / 6 等于多少?,9,3,1,5,3,B,"请选择一个选项18 / 6 等于多少?: A 9.0 , B 3.0 , C 1.0 , D 5.0。只能选择一个选项，禁止解释。","请选择一个选项18 / 6 等于多少?: B 3.0 , A 9.0 , C 1.0 , D 5.0。只能选择一个选项，禁止解释。"
5 - 3 等于多少?,7,2,-1,5,2,B,"请选择一个选项5 - 3 等于多少?: A 7.0 , B 2.0 , C -1.0 , D 5.0。只能选择一个选项，禁止解释。","请选择一个选项5 - 3 等于多少?: B 2.0 , A 7.0 , C -1.0 , D 5.0。只能选择一个选项，禁止解释。"
8 + 9 等于多少?,17,15,19,23,17,A,"请选择一个选项8 + 9 等于多少?: A 17.0 , B 15.0 , C 19.0 , D 23.0。只能选择一个选项，禁止解释。","请选择一个选项8 + 9 等于多少?: B 15.0 , A 17.0 , C 19.0 , D 23.0。只能选择一个选项，禁止解释。"
10 + 7 等于多少?,22,19,17,14,17,C,"请选择一个选项10 + 7 等于多少?: A 22.0 , B 19.0 , C 17.0 , D 14.0。只能选择一个选项，禁止解释。","请选择一个选项10 + 7 等于多少?: B 19.0 , A 22.0 , C 17.0 , D 14.0。只能选择一个选项，禁止解释。"
9 - 10 等于多少?,-3,3,0,-1,-1,D,"请选择一个选项9 - 10 等于多少?: A -3.0 , B 3.0 , C 0.0 , D -1.0。只能选择一个选项，禁止解释。","请选择一个选项9 - 10 等于多少?: B 3.0 , A -3.0 , C 0.0 , D -1.0。只能选择一个选项，禁止解释。"
7 - 2 等于多少?,5,6,10,4,5,A,"请选择一个选项7 - 2 等于多少?: A 5.0 , B 6.0 , C 10.0 , D 4.0。只能选择一个选项，禁止解释。","请选择一个选项7 - 2 等于多少?: B 6.0 , A 5.0 , C 10.0 , D 4.0。只能选择一个选项，禁止解释。"
16 / 8 等于多少?,0,2,5,7,2,B,"请选择一个选项16 / 8 等于多少?: A 0.0 , B 2.0 , C 5.0 , D 7.0。只能选择一个选项，禁止解释。","请选择一个选项16 / 8 等于多少?: B 2.0 , A 0.0 , C 5.0 , D 7.0。只能选择一个选项，禁止解释。"
50 / 5 等于多少?,8,14,10,11,10,C,"请选择一个选项50 / 5 等于多少?: A 8.0 , B 14.0 , C 10.0 , D 11.0。只能选择一个选项，禁止解释。","请选择一个选项50 / 5 等于多少?: B 14.0 , A 8.0 , C 10.0 , D 11.0。只能选择一个选项，禁止解释。"
9 - 7 等于多少?,6,4,0,2,2,D,"请选择一个选项9 - 7 等于多少?: A 6.0 , B 4.0 , C 0.0 , D 2.0。只能选择一个选项，禁止解释。","请选择一个选项9 - 7 等于多少?: B 4.0 , A 6.0 , C 0.0 , D 2.0。只能选择一个选项，禁止解释。"
10 + 6 等于多少?,19,21,16,15,16,C,"请选择一个选项10 + 6 等于多少?: A 19.0 , B 21.0 , C 16.0 , D 15.0。只能选择一个选项，禁止解释。","请选择一个选项10 + 6 等于多少?: B 21.0 , A 19.0 , C 16.0 , D 15.0。只能选择一个选项，禁止解释。"
8 + 4 等于多少?,12,16,13,9,12,A,"请选择一个选项8 + 4 等于多少?: A 12.0 , B 16.0 , C 13.0 , D 9.0。只能选择一个选项，禁止解释。","请选择一个选项8 + 4 等于多少?: B 16.0 , A 12.0 , C 13.0 , D 9.0。只能选择一个选项，禁止解释。"
6 * 9 等于多少?,59,54,55,53,54,B,"请选择一个选项6 * 9 等于多少?: A 59.0 , B 54.0 , C 55.0 , D 53.0。只能选择一个选项，禁止解释。","请选择一个选项6 * 9 等于多少?: B 54.0 , A 59.0 , C 55.0 , D 53.0。只能选择一个选项，禁止解释。"
15 / 5 等于多少?,7,5,3,1,3,C,"请选择一个选项15 / 5 等于多少?: A 7.0 , B 5.0 , C 3.0 , D 1.0。只能选择一个选项，禁止解释。","请选择一个选项15 / 5 等于多少?: B 5.0 , A 7.0 , C 3.0 , D 1.0。只能选择一个选项，禁止解释。"
9 * 2 等于多少?,22,20,17,18,18,D,"请选择一个选项9 * 2 等于多少?: A 22.0 , B 20.0 , C 17.0 , D 18.0。只能选择一个选项，禁止解释。","请选择一个选项9 * 2 等于多少?: B 20.0 , A 22.0 , C 17.0 , D 18.0。只能选择一个选项，禁止解释。"
8 * 8 等于多少?,69,61,65,64,64,D,"请选择一个选项8 * 8 等于多少?: A 69.0 , B 61.0 , C 65.0 , D 64.0。只能选择一个选项，禁止解释。","请选择一个选项8 * 8 等于多少?: B 61.0 , A 69.0 , C 65.0 , D 64.0。只能选择一个选项，禁止解释。"
6 + 9 等于多少?,14,15,18,21,15,B,"请选择一个选项6 + 9 等于多少?: A 14.0 , B 15.0 , C 18.0 , D 21.0。只能选择一个选项，禁止解释。","请选择一个选项6 + 9 等于多少?: B 15.0 , A 14.0 , C 18.0 , D 21.0。只能选择一个选项，禁止解释。"
9 / 3 等于多少?,3,8,5,2,3,A,"请选择一个选项9 / 3 等于多少?: A 3.0 , B 8.0 , C 5.0 , D 2.0。只能选择一个选项，禁止解释。","请选择一个选项9 / 3 等于多少?: B 8.0 , A 3.0 , C 5.0 , D 2.0。只能选择一个选项，禁止解释。"
35 / 7 等于多少?,5,11,8,3,5,A,"请选择一个选项35 / 7 等于多少?: A 5.0 , B 11.0 , C 8.0 , D 3.0。只能选择一个选项，禁止解释。","请选择一个选项35 / 7 等于多少?: B 11.0 , A 5.0 , C 8.0 , D 3.0。只能选择一个选项，禁止解释。"
5 + 10 等于多少?,13,21,15,18,15,C,"请选择一个选项5 + 10 等于多少?: A 13.0 , B 21.0 , C 15.0 , D 18.0。只能选择一个选项，禁止解释。","请选择一个选项5 + 10 等于多少?: B 21.0 , A 13.0 , C 15.0 , D 18.0。只能选择一个选项，禁止解释。"
1 - 2 等于多少?,-4,-1,2,3,-1,B,"请选择一个选项1 - 2 等于多少?: A -4.0 , B -1.0 , C 2.0 , D 3.0。只能选择一个选项，禁止解释。","请选择一个选项1 - 2 等于多少?: B -1.0 , A -4.0 , C 2.0 , D 3.0。只能选择一个选项，禁止解释。"
7 + 6 等于多少?,16,18,13,10,13,C,"请选择一个选项7 + 6 等于多少?: A 16.0 , B 18.0 , C 13.0 , D 10.0。只能选择一个选项，禁止解释。","请选择一个选项7 + 6 等于多少?: B 18.0 , A 16.0 , C 13.0 , D 10.0。只能选择一个选项，禁止解释。"
1 - 8 等于多少?,-6,-7,-10,-2,-7,B,"请选择一个选项1 - 8 等于多少?: A -6.0 , B -7.0 , C -10.0 , D -2.0。只能选择一个选项，禁止解释。","请选择一个选项1 - 8 等于多少?: B -7.0 , A -6.0 , C -10.0 , D -2.0。只能选择一个选项，禁止解释。"
21 / 3 等于多少?,7,6,13,10,7,A,"请选择一个选项21 / 3 等于多少?: A 7.0 , B 6.0 , C 13.0 , D 10.0。只能选择一个选项，禁止解释。","请选择一个选项21 / 3 等于多少?: B 6.0 , A 7.0 , C 13.0 , D 10.0。只能选择一个选项，禁止解释。"
6 * 1 等于多少?,6,11,9,5,6,A,"请选择一个选项6 * 1 等于多少?: A 6.0 , B 11.0 , C 9.0 , D 5.0。只能选择一个选项，禁止解释。","请选择一个选项6 * 1 等于多少?: B 11.0 , A 6.0 , C 9.0 , D 5.0。只能选择一个选项，禁止解释。"
5 * 6 等于多少?,30,31,35,28,30,A,"请选择一个选项5 * 6 等于多少?: A 30.0 , B 31.0 , C 35.0 , D 28.0。只能选择一个选项，禁止解释。","请选择一个选项5 * 6 等于多少?: B 31.0 , A 30.0 , C 35.0 , D 28.0。只能选择一个选项，禁止解释。"
90 / 9 等于多少?,12,15,10,8,10,C,"请选择一个选项90 / 9 等于多少?: A 12.0 , B 15.0 , C 10.0 , D 8.0。只能选择一个选项，禁止解释。","请选择一个选项90 / 9 等于多少?: B 15.0 , A 12.0 , C 10.0 , D 8.0。只能选择一个选项，禁止解释。"
3 + 3 等于多少?,8,10,6,4,6,C,"请选择一个选项3 + 3 等于多少?: A 8.0 , B 10.0 , C 6.0 , D 4.0。只能选择一个选项，禁止解释。","请选择一个选项3 + 3 等于多少?: B 10.0 , A 8.0 , C 6.0 , D 4.0。只能选择一个选项，禁止解释。"
8 - 3 等于多少?,5,2,11,6,5,A,"请选择一个选项8 - 3 等于多少?: A 5.0 , B 2.0 , C 11.0 , D 6.0。只能选择一个选项，禁止解释。","请选择一个选项8 - 3 等于多少?: B 2.0 , A 5.0 , C 11.0 , D 6.0。只能选择一个选项，禁止解释。"
72 / 9 等于多少?,11,5,8,14,8,C,"请选择一个选项72 / 9 等于多少?: A 11.0 , B 5.0 , C 8.0 , D 14.0。只能选择一个选项，禁止解释。","请选择一个选项72 / 9 等于多少?: B 5.0 , A 11.0 , C 8.0 , D 14.0。只能选择一个选项，禁止解释。"
2 * 9 等于多少?,19,22,16,18,18,D,"请选择一个选项2 * 9 等于多少?: A 19.0 , B 22.0 , C 16.0 , D 18.0。只能选择一个选项，禁止解释。","请选择一个选项2 * 9 等于多少?: B 22.0 , A 19.0 , C 16.0 , D 18.0。只能选择一个选项，禁止解释。"
6 - 1 等于多少?,7,2,5,10,5,C,"请选择一个选项6 - 1 等于多少?: A 7.0 , B 2.0 , C 5.0 , D 10.0。只能选择一个选项，禁止解释。","请选择一个选项6 - 1 等于多少?: B 2.0 , A 7.0 , C 5.0 , D 10.0。只能选择一个选项，禁止解释。"
2 - 3 等于多少?,4,-4,-1,1,-1,C,"请选择一个选项2 - 3 等于多少?: A 4.0 , B -4.0 , C -1.0 , D 1.0。只能选择一个选项，禁止解释。","请选择一个选项2 - 3 等于多少?: B -4.0 , A 4.0 , C -1.0 , D 1.0。只能选择一个选项，禁止解释。"
81 / 9 等于多少?,6,13,12,9,9,D,"请选择一个选项81 / 9 等于多少?: A 6.0 , B 13.0 , C 12.0 , D 9.0。只能选择一个选项，禁止解释。","请选择一个选项81 / 9 等于多少?: B 13.0 , A 6.0 , C 12.0 , D 9.0。只能选择一个选项，禁止解释。"
2 / 1 等于多少?,2,4,-1,8,2,A,"请选择一个选项2 / 1 等于多少?: A 2.0 , B 4.0 , C -1.0 , D 8.0。只能选择一个选项，禁止解释。","请选择一个选项2 / 1 等于多少?: B 4.0 , A 2.0 , C -1.0 , D 8.0。只能选择一个选项，禁止解释。"
5 / 1 等于多少?,5,3,8,9,5,A,"请选择一个选项5 / 1 等于多少?: A 5.0 , B 3.0 , C 8.0 , D 9.0。只能选择一个选项，禁止解释。","请选择一个选项5 / 1 等于多少?: B 3.0 , A 5.0 , C 8.0 , D 9.0。只能选择一个选项，禁止解释。"
5 / 1 等于多少?,10,7,4,5,5,D,"请选择一个选项5 / 1 等于多少?: A 10.0 , B 7.0 , C 4.0 , D 5.0。只能选择一个选项，禁止解释。","请选择一个选项5 / 1 等于多少?: B 7.0 , A 10.0 , C 4.0 , D 5.0。只能选择一个选项，禁止解释。"
72 / 9 等于多少?,10,7,8,13,8,C,"请选择一个选项72 / 9 等于多少?: A 10.0 , B 7.0 , C 8.0 , D 13.0。只能选择一个选项，禁止解释。","请选择一个选项72 / 9 等于多少?: B 7.0 , A 10.0 , C 8.0 , D 13.0。只能选择一个选项，禁止解释。"
4 / 1 等于多少?,5,4,8,2,4,B,"请选择一个选项4 / 1 等于多少?: A 5.0 , B 4.0 , C 8.0 , D 2.0。只能选择一个选项，禁止解释。","请选择一个选项4 / 1 等于多少?: B 4.0 , A 5.0 , C 8.0 , D 2.0。只能选择一个选项，禁止解释。"
5 * 6 等于多少?,34,29,32,30,30,D,"请选择一个选项5 * 6 等于多少?: A 34.0 , B 29.0 , C 32.0 , D 30.0。只能选择一个选项，禁止解释。","请选择一个选项5 * 6 等于多少?: B 29.0 , A 34.0 , C 32.0 , D 30.0。只能选择一个选项，禁止解释。"
10 + 3 等于多少?,11,13,19,14,13,B,"请选择一个选项10 + 3 等于多少?: A 11.0 , B 13.0 , C 19.0 , D 14.0。只能选择一个选项，禁止解释。","请选择一个选项10 + 3 等于多少?: B 13.0 , A 11.0 , C 19.0 , D 14.0。只能选择一个选项，禁止解释。"
30 / 6 等于多少?,2,5,8,11,5,B,"请选择一个选项30 / 6 等于多少?: A 2.0 , B 5.0 , C 8.0 , D 11.0。只能选择一个选项，禁止解释。","请选择一个选项30 / 6 等于多少?: B 5.0 , A 2.0 , C 8.0 , D 11.0。只能选择一个选项，禁止解释。"
9 * 2 等于多少?,21,15,18,24,18,C,"请选择一个选项9 * 2 等于多少?: A 21.0 , B 15.0 , C 18.0 , D 24.0。只能选择一个选项，禁止解释。","请选择一个选项9 * 2 等于多少?: B 15.0 , A 21.0 , C 18.0 , D 24.0。只能选择一个选项，禁止解释。"
5 * 5 等于多少?,25,27,29,22,25,A,"请选择一个选项5 * 5 等于多少?: A 25.0 , B 27.0 , C 29.0 , D 22.0。只能选择一个选项，禁止解释。","请选择一个选项5 * 5 等于多少?: B 27.0 , A 25.0 , C 29.0 , D 22.0。只能选择一个选项，禁止解释。"
8 - 4 等于多少?,4,9,7,3,4,A,"请选择一个选项8 - 4 等于多少?: A 4.0 , B 9.0 , C 7.0 , D 3.0。只能选择一个选项，禁止解释。","请选择一个选项8 - 4 等于多少?: B 9.0 , A 4.0 , C 7.0 , D 3.0。只能选择一个选项，禁止解释。"
10 * 5 等于多少?,54,50,53,47,50,B,"请选择一个选项10 * 5 等于多少?: A 54.0 , B 50.0 , C 53.0 , D 47.0。只能选择一个选项，禁止解释。","请选择一个选项10 * 5 等于多少?: B 50.0 , A 54.0 , C 53.0 , D 47.0。只能选择一个选项，禁止解释。"
2 + 6 等于多少?,12,10,8,7,8,C,"请选择一个选项2 + 6 等于多少?: A 12.0 , B 10.0 , C 8.0 , D 7.0。只能选择一个选项，禁止解释。","请选择一个选项2 + 6 等于多少?: B 10.0 , A 12.0 , C 8.0 , D 7.0。只能选择一个选项，禁止解释。"
3 - 10 等于多少?,-7,-8,-6,-3,-7,A,"请选择一个选项3 - 10 等于多少?: A -7.0 , B -8.0 , C -6.0 , D -3.0。只能选择一个选项，禁止解释。","请选择一个选项3 - 10 等于多少?: B -8.0 , A -7.0 , C -6.0 , D -3.0。只能选择一个选项，禁止解释。"
4 * 4 等于多少?,16,21,15,18,16,A,"请选择一个选项4 * 4 等于多少?: A 16.0 , B 21.0 , C 15.0 , D 18.0。只能选择一个选项，禁止解释。","请选择一个选项4 * 4 等于多少?: B 21.0 , A 16.0 , C 15.0 , D 18.0。只能选择一个选项，禁止解释。"
80 / 10 等于多少?,8,11,6,12,8,A,"请选择一个选项80 / 10 等于多少?: A 8.0 , B 11.0 , C 6.0 , D 12.0。只能选择一个选项，禁止解释。","请选择一个选项80 / 10 等于多少?: B 11.0 , A 8.0 , C 6.0 , D 12.0。只能选择一个选项，禁止解释。"
2 + 5 等于多少?,4,7,9,12,7,B,"请选择一个选项2 + 5 等于多少?: A 4.0 , B 7.0 , C 9.0 , D 12.0。只能选择一个选项，禁止解释。","请选择一个选项2 + 5 等于多少?: B 7.0 , A 4.0 , C 9.0 , D 12.0。只能选择一个选项，禁止解释。"
1 / 1 等于多少?,7,1,-1,4,1,B,"请选择一个选项1 / 1 等于多少?: A 7.0 , B 1.0 , C -1.0 , D 4.0。只能选择一个选项，禁止解释。","请选择一个选项1 / 1 等于多少?: B 1.0 , A 7.0 , C -1.0 , D 4.0。只能选择一个选项，禁止解释。"
54 / 6 等于多少?,7,10,9,14,9,C,"请选择一个选项54 / 6 等于多少?: A 7.0 , B 10.0 , C 9.0 , D 14.0。只能选择一个选项，禁止解释。","请选择一个选项54 / 6 等于多少?: B 10.0 , A 7.0 , C 9.0 , D 14.0。只能选择一个选项，禁止解释。"
1 * 10 等于多少?,11,8,15,10,10,D,"请选择一个选项1 * 10 等于多少?: A 11.0 , B 8.0 , C 15.0 , D 10.0。只能选择一个选项，禁止解释。","请选择一个选项1 * 10 等于多少?: B 8.0 , A 11.0 , C 15.0 , D 10.0。只能选择一个选项，禁止解释。"
6 * 9 等于多少?,57,54,51,58,54,B,"请选择一个选项6 * 9 等于多少?: A 57.0 , B 54.0 , C 51.0 , D 58.0。只能选择一个选项，禁止解释。","请选择一个选项6 * 9 等于多少?: B 54.0 , A 57.0 , C 51.0 , D 58.0。只能选择一个选项，禁止解释。"
2 + 1 等于多少?,5,8,3,1,3,C,"请选择一个选项2 + 1 等于多少?: A 5.0 , B 8.0 , C 3.0 , D 1.0。只能选择一个选项，禁止解释。","请选择一个选项2 + 1 等于多少?: B 8.0 , A 5.0 , C 3.0 , D 1.0。只能选择一个选项，禁止解释。"
60 / 6 等于多少?,16,9,10,11,10,C,"请选择一个选项60 / 6 等于多少?: A 16.0 , B 9.0 , C 10.0 , D 11.0。只能选择一个选项，禁止解释。","请选择一个选项60 / 6 等于多少?: B 9.0 , A 16.0 , C 10.0 , D 11.0。只能选择一个选项，禁止解释。"
9 * 7 等于多少?,60,63,69,64,63,B,"请选择一个选项9 * 7 等于多少?: A 60.0 , B 63.0 , C 69.0 , D 64.0。只能选择一个选项，禁止解释。","请选择一个选项9 * 7 等于多少?: B 63.0 , A 60.0 , C 69.0 , D 64.0。只能选择一个选项，禁止解释。"
7 + 10 等于多少?,16,22,17,19,17,C,"请选择一个选项7 + 10 等于多少?: A 16.0 , B 22.0 , C 17.0 , D 19.0。只能选择一个选项，禁止解释。","请选择一个选项7 + 10 等于多少?: B 22.0 , A 16.0 , C 17.0 , D 19.0。只能选择一个选项，禁止解释。"
10 - 1 等于多少?,11,9,6,15,9,B,"请选择一个选项10 - 1 等于多少?: A 11.0 , B 9.0 , C 6.0 , D 15.0。只能选择一个选项，禁止解释。","请选择一个选项10 - 1 等于多少?: B 9.0 , A 11.0 , C 6.0 , D 15.0。只能选择一个选项，禁止解释。"
5 - 3 等于多少?,-1,2,3,7,2,B,"请选择一个选项5 - 3 等于多少?: A -1.0 , B 2.0 , C 3.0 , D 7.0。只能选择一个选项，禁止解释。","请选择一个选项5 - 3 等于多少?: B 2.0 , A -1.0 , C 3.0 , D 7.0。只能选择一个选项，禁止解释。"
8 - 1 等于多少?,5,11,7,9,7,C,"请选择一个选项8 - 1 等于多少?: A 5.0 , B 11.0 , C 7.0 , D 9.0。只能选择一个选项，禁止解释。","请选择一个选项8 - 1 等于多少?: B 11.0 , A 5.0 , C 7.0 , D 9.0。只能选择一个选项，禁止解释。"
7 * 2 等于多少?,11,16,18,14,14,D,"请选择一个选项7 * 2 等于多少?: A 11.0 , B 16.0 , C 18.0 , D 14.0。只能选择一个选项，禁止解释。","请选择一个选项7 * 2 等于多少?: B 16.0 , A 11.0 , C 18.0 , D 14.0。只能选择一个选项，禁止解释。"
90 / 9 等于多少?,14,8,12,10,10,D,"请选择一个选项90 / 9 等于多少?: A 14.0 , B 8.0 , C 12.0 , D 10.0。只能选择一个选项，禁止解释。","请选择一个选项90 / 9 等于多少?: B 8.0 , A 14.0 , C 12.0 , D 10.0。只能选择一个选项，禁止解释。"
2 + 1 等于多少?,2,6,3,8,3,C,"请选择一个选项2 + 1 等于多少?: A 2.0 , B 6.0 , C 3.0 , D 8.0。只能选择一个选项，禁止解释。","请选择一个选项2 + 1 等于多少?: B 6.0 , A 2.0 , C 3.0 , D 8.0。只能选择一个选项，禁止解释。"
6 + 10 等于多少?,19,13,20,16,16,D,"请选择一个选项6 + 10 等于多少?: A 19.0 , B 13.0 , C 20.0 , D 16.0。只能选择一个选项，禁止解释。","请选择一个选项6 + 10 等于多少?: B 13.0 , A 19.0 , C 20.0 , D 16.0。只能选择一个选项，禁止解释。"
1 * 6 等于多少?,6,8,10,4,6,A,"请选择一个选项1 * 6 等于多少?: A 6.0 , B 8.0 , C 10.0 , D 4.0。只能选择一个选项，禁止解释。","请选择一个选项1 * 6 等于多少?: B 8.0 , A 6.0 , C 10.0 , D 4.0。只能选择一个选项，禁止解释。"
12 / 4 等于多少?,7,5,1,3,3,D,"请选择一个选项12 / 4 等于多少?: A 7.0 , B 5.0 , C 1.0 , D 3.0。只能选择一个选项，禁止解释。","请选择一个选项12 / 4 等于多少?: B 5.0 , A 7.0 , C 1.0 , D 3.0。只能选择一个选项，禁止解释。"
6 - 7 等于多少?,4,-1,0,-3,-1,B,"请选择一个选项6 - 7 等于多少?: A 4.0 , B -1.0 , C 0.0 , D -3.0。只能选择一个选项，禁止解释。","请选择一个选项6 - 7 等于多少?: B -1.0 , A 4.0 , C 0.0 , D -3.0。只能选择一个选项，禁止解释。"
4 / 2 等于多少?,7,2,-1,3,2,B,"请选择一个选项4 / 2 等于多少?: A 7.0 , B 2.0 , C -1.0 , D 3.0。只能选择一个选项，禁止解释。","请选择一个选项4 / 2 等于多少?: B 2.0 , A 7.0 , C -1.0 , D 3.0。只能选择一个选项，禁止解释。"
20 / 2 等于多少?,12,16,10,9,10,C,"请选择一个选项20 / 2 等于多少?: A 12.0 , B 16.0 , C 10.0 , D 9.0。只能选择一个选项，禁止解释。","请选择一个选项20 / 2 等于多少?: B 16.0 , A 12.0 , C 10.0 , D 9.0。只能选择一个选项，禁止解释。"
4 / 1 等于多少?,10,3,6,4,4,D,"请选择一个选项4 / 1 等于多少?: A 10.0 , B 3.0 , C 6.0 , D 4.0。只能选择一个选项，禁止解释。","请选择一个选项4 / 1 等于多少?: B 3.0 , A 10.0 , C 6.0 , D 4.0。只能选择一个选项，禁止解释。"
42 / 7 等于多少?,6,10,7,4,6,A,"请选择一个选项42 / 7 等于多少?: A 6.0 , B 10.0 , C 7.0 , D 4.0。只能选择一个选项，禁止解释。","请选择一个选项42 / 7 等于多少?: B 10.0 , A 6.0 , C 7.0 , D 4.0。只能选择一个选项，禁止解释。"
30 / 6 等于多少?,5,2,7,10,5,A,"请选择一个选项30 / 6 等于多少?: A 5.0 , B 2.0 , C 7.0 , D 10.0。只能选择一个选项，禁止解释。","请选择一个选项30 / 6 等于多少?: B 2.0 , A 5.0 , C 7.0 , D 10.0。只能选择一个选项，禁止解释。"
6 * 6 等于多少?,36,40,34,37,36,A,"请选择一个选项6 * 6 等于多少?: A 36.0 , B 40.0 , C 34.0 , D 37.0。只能选择一个选项，禁止解释。","请选择一个选项6 * 6 等于多少?: B 40.0 , A 36.0 , C 34.0 , D 37.0。只能选择一个选项，禁止解释。"
10 - 8 等于多少?,6,2,5,0,2,B,"请选择一个选项10 - 8 等于多少?: A 6.0 , B 2.0 , C 5.0 , D 0.0。只能选择一个选项，禁止解释。","请选择一个选项10 - 8 等于多少?: B 2.0 , A 6.0 , C 5.0 , D 0.0。只能选择一个选项，禁止解释。"
3 - 3 等于多少?,2,5,0,-3,0,C,"请选择一个选项3 - 3 等于多少?: A 2.0 , B 5.0 , C 0.0 , D -3.0。只能选择一个选项，禁止解释。","请选择一个选项3 - 3 等于多少?: B 5.0 , A 2.0 , C 0.0 , D -3.0。只能选择一个选项，禁止解释。"
8 - 10 等于多少?,-1,-2,2,-3,-2,B,"请选择一个选项8 - 10 等于多少?: A -1.0 , B -2.0 , C 2.0 , D -3.0。只能选择一个选项，禁止解释。","请选择一个选项8 - 10 等于多少?: B -2.0 , A -1.0 , C 2.0 , D -3.0。只能选择一个选项，禁止解释。"
8 - 1 等于多少?,12,7,8,6,7,B,"请选择一个选项8 - 1 等于多少?: A 12.0 , B 7.0 , C 8.0 , D 6.0。只能选择一个选项，禁止解释。","请选择一个选项8 - 1 等于多少?: B 7.0 , A 12.0 , C 8.0 , D 6.0。只能选择一个选项，禁止解释。"
9 - 9 等于多少?,-3,4,0,2,0,C,"请选择一个选项9 - 9 等于多少?: A -3.0 , B 4.0 , C 0.0 , D 2.0。只能选择一个选项，禁止解释。","请选择一个选项9 - 9 等于多少?: B 4.0 , A -3.0 , C 0.0 , D 2.0。只能选择一个选项，禁止解释。"
8 + 3 等于多少?,8,11,14,17,11,B,"请选择一个选项8 + 3 等于多少?: A 8.0 , B 11.0 , C 14.0 , D 17.0。只能选择一个选项，禁止解释。","请选择一个选项8 + 3 等于多少?: B 11.0 , A 8.0 , C 14.0 , D 17.0。只能选择一个选项，禁止解释。"
8 + 1 等于多少?,6,10,13,9,9,D,"请选择一个选项8 + 1 等于多少?: A 6.0 , B 10.0 , C 13.0 , D 9.0。只能选择一个选项，禁止解释。","请选择一个选项8 + 1 等于多少?: B 10.0 , A 6.0 , C 13.0 , D 9.0。只能选择一个选项，禁止解释。"
3 + 2 等于多少?,5,3,8,10,5,A,"请选择一个选项3 + 2 等于多少?: A 5.0 , B 3.0 , C 8.0 , D 10.0。只能选择一个选项，禁止解释。","请选择一个选项3 + 2 等于多少?: B 3.0 , A 5.0 , C 8.0 , D 10.0。只能选择一个选项，禁止解释。"
63 / 9 等于多少?,9,11,7,6,7,C,"请选择一个选项63 / 9 等于多少?: A 9.0 , B 11.0 , C 7.0 , D 6.0。只能选择一个选项，禁止解释。","请选择一个选项63 / 9 等于多少?: B 11.0 , A 9.0 , C 7.0 , D 6.0。只能选择一个选项，禁止解释。"
4 * 7 等于多少?,28,27,30,32,28,A,"请选择一个选项4 * 7 等于多少?: A 28.0 , B 27.0 , C 30.0 , D 32.0。只能选择一个选项，禁止解释。","请选择一个选项4 * 7 等于多少?: B 27.0 , A 28.0 , C 30.0 , D 32.0。只能选择一个选项，禁止解释。"
1 * 10 等于多少?,7,16,12,10,10,D,"请选择一个选项1 * 10 等于多少?: A 7.0 , B 16.0 , C 12.0 , D 10.0。只能选择一个选项，禁止解释。","请选择一个选项1 * 10 等于多少?: B 16.0 , A 7.0 , C 12.0 , D 10.0。只能选择一个选项，禁止解释。"
9 - 1 等于多少?,8,13,10,5,8,A,"请选择一个选项9 - 1 等于多少?: A 8.0 , B 13.0 , C 10.0 , D 5.0。只能选择一个选项，禁止解释。","请选择一个选项9 - 1 等于多少?: B 13.0 , A 8.0 , C 10.0 , D 5.0。只能选择一个选项，禁止解释。"
2 - 2 等于多少?,1,0,4,-2,0,B,"请选择一个选项2 - 2 等于多少?: A 1.0 , B 0.0 , C 4.0 , D -2.0。只能选择一个选项，禁止解释。","请选择一个选项2 - 2 等于多少?: B 0.0 , A 1.0 , C 4.0 , D -2.0。只能选择一个选项，禁止解释。"
3 * 5 等于多少?,17,15,13,21,15,B,"请选择一个选项3 * 5 等于多少?: A 17.0 , B 15.0 , C 13.0 , D 21.0。只能选择一个选项，禁止解释。","请选择一个选项3 * 5 等于多少?: B 15.0 , A 17.0 , C 13.0 , D 21.0。只能选择一个选项，禁止解释。"
10 * 1 等于多少?,10,15,12,8,10,A,"请选择一个选项10 * 1 等于多少?: A 10.0 , B 15.0 , C 12.0 , D 8.0。只能选择一个选项，禁止解释。","请选择一个选项10 * 1 等于多少?: B 15.0 , A 10.0 , C 12.0 , D 8.0。只能选择一个选项，禁止解释。"
10 * 2 等于多少?,22,17,20,24,20,C,"请选择一个选项10 * 2 等于多少?: A 22.0 , B 17.0 , C 20.0 , D 24.0。只能选择一个选项，禁止解释。","请选择一个选项10 * 2 等于多少?: B 17.0 , A 22.0 , C 20.0 , D 24.0。只能选择一个选项，禁止解释。"
6 * 1 等于多少?,12,8,6,5,6,C,"请选择一个选项6 * 1 等于多少?: A 12.0 , B 8.0 , C 6.0 , D 5.0。只能选择一个选项，禁止解释。","请选择一个选项6 * 1 等于多少?: B 8.0 , A 12.0 , C 6.0 , D 5.0。只能选择一个选项，禁止解释。"
10 + 3 等于多少?,12,18,13,15,13,C,"请选择一个选项10 + 3 等于多少?: A 12.0 , B 18.0 , C 13.0 , D 15.0。只能选择一个选项，禁止解释。","请选择一个选项10 + 3 等于多少?: B 18.0 , A 12.0 , C 13.0 , D 15.0。只能选择一个选项，禁止解释。"
1 * 10 等于多少?,11,9,10,14,10,C,"请选择一个选项1 * 10 等于多少?: A 11.0 , B 9.0 , C 10.0 , D 14.0。只能选择一个选项，禁止解释。","请选择一个选项1 * 10 等于多少?: B 9.0 , A 11.0 , C 10.0 , D 14.0。只能选择一个选项，禁止解释。"
40 / 4 等于多少?,8,16,13,10,10,D,"请选择一个选项40 / 4 等于多少?: A 8.0 , B 16.0 , C 13.0 , D 10.0。只能选择一个选项，禁止解释。","请选择一个选项40 / 4 等于多少?: B 16.0 , A 8.0 , C 13.0 , D 10.0。只能选择一个选项，禁止解释。"
3 - 9 等于多少?,-2,-6,-3,-9,-6,B,"请选择一个选项3 - 9 等于多少?: A -2.0 , B -6.0 , C -3.0 , D -9.0。只能选择一个选项，禁止解释。","请选择一个选项3 - 9 等于多少?: B -6.0 , A -2.0 , C -3.0 , D -9.0。只能选择一个选项，禁止解释。"
35 / 5 等于多少?,10,13,4,7,7,D,"请选择一个选项35 / 5 等于多少?: A 10.0 , B 13.0 , C 4.0 , D 7.0。只能选择一个选项，禁止解释。","请选择一个选项35 / 5 等于多少?: B 13.0 , A 10.0 , C 4.0 , D 7.0。只能选择一个选项，禁止解释。"
7 * 7 等于多少?,50,49,48,53,49,B,"请选择一个选项7 * 7 等于多少?: A 50.0 , B 49.0 , C 48.0 , D 53.0。只能选择一个选项，禁止解释。","请选择一个选项7 * 7 等于多少?: B 49.0 , A 50.0 , C 48.0 , D 53.0。只能选择一个选项，禁止解释。"
9 + 2 等于多少?,8,13,17,11,11,D,"请选择一个选项9 + 2 等于多少?: A 8.0 , B 13.0 , C 17.0 , D 11.0。只能选择一个选项，禁止解释。","请选择一个选项9 + 2 等于多少?: B 13.0 , A 8.0 , C 17.0 , D 11.0。只能选择一个选项，禁止解释。"
5 - 1 等于多少?,2,7,4,9,4,C,"请选择一个选项5 - 1 等于多少?: A 2.0 , B 7.0 , C 4.0 , D 9.0。只能选择一个选项，禁止解释。","请选择一个选项5 - 1 等于多少?: B 7.0 , A 2.0 , C 4.0 , D 9.0。只能选择一个选项，禁止解释。"
9 - 8 等于多少?,0,4,1,7,1,C,"请选择一个选项9 - 8 等于多少?: A 0.0 , B 4.0 , C 1.0 , D 7.0。只能选择一个选项，禁止解释。","请选择一个选项9 - 8 等于多少?: B 4.0 , A 0.0 , C 1.0 , D 7.0。只能选择一个选项，禁止解释。"
72 / 9 等于多少?,8,11,12,5,8,A,"请选择一个选项72 / 9 等于多少?: A 8.0 , B 11.0 , C 12.0 , D 5.0。只能选择一个选项，禁止解释。","请选择一个选项72 / 9 等于多少?: B 11.0 , A 8.0 , C 12.0 , D 5.0。只能选择一个选项，禁止解释。"
2 - 2 等于多少?,0,5,-2,3,0,A,"请选择一个选项2 - 2 等于多少?: A 0.0 , B 5.0 , C -2.0 , D 3.0。只能选择一个选项，禁止解释。","请选择一个选项2 - 2 等于多少?: B 5.0 , A 0.0 , C -2.0 , D 3.0。只能选择一个选项，禁止解释。"
6 + 8 等于多少?,15,14,11,19,14,B,"请选择一个选项6 + 8 等于多少?: A 15.0 , B 14.0 , C 11.0 , D 19.0。只能选择一个选项，禁止解释。","请选择一个选项6 + 8 等于多少?: B 14.0 , A 15.0 , C 11.0 , D 19.0。只能选择一个选项，禁止解释。"
1 + 1 等于多少?,2,0,7,3,2,A,"请选择一个选项1 + 1 等于多少?: A 2.0 , B 0.0 , C 7.0 , D 3.0。只能选择一个选项，禁止解释。","请选择一个选项1 + 1 等于多少?: B 0.0 , A 2.0 , C 7.0 , D 3.0。只能选择一个选项，禁止解释。"
8 * 5 等于多少?,43,40,45,39,40,B,"请选择一个选项8 * 5 等于多少?: A 43.0 , B 40.0 , C 45.0 , D 39.0。只能选择一个选项，禁止解释。","请选择一个选项8 * 5 等于多少?: B 40.0 , A 43.0 , C 45.0 , D 39.0。只能选择一个选项，禁止解释。"
3 * 2 等于多少?,7,6,4,10,6,B,"请选择一个选项3 * 2 等于多少?: A 7.0 , B 6.0 , C 4.0 , D 10.0。只能选择一个选项，禁止解释。","请选择一个选项3 * 2 等于多少?: B 6.0 , A 7.0 , C 4.0 , D 10.0。只能选择一个选项，禁止解释。"
4 - 9 等于多少?,-3,-8,1,-5,-5,D,"请选择一个选项4 - 9 等于多少?: A -3.0 , B -8.0 , C 1.0 , D -5.0。只能选择一个选项，禁止解释。","请选择一个选项4 - 9 等于多少?: B -8.0 , A -3.0 , C 1.0 , D -5.0。只能选择一个选项，禁止解释。"
7 / 7 等于多少?,1,4,5,-2,1,A,"请选择一个选项7 / 7 等于多少?: A 1.0 , B 4.0 , C 5.0 , D -2.0。只能选择一个选项，禁止解释。","请选择一个选项7 / 7 等于多少?: B 4.0 , A 1.0 , C 5.0 , D -2.0。只能选择一个选项，禁止解释。"
8 * 7 等于多少?,57,56,60,55,56,B,"请选择一个选项8 * 7 等于多少?: A 57.0 , B 56.0 , C 60.0 , D 55.0。只能选择一个选项，禁止解释。","请选择一个选项8 * 7 等于多少?: B 56.0 , A 57.0 , C 60.0 , D 55.0。只能选择一个选项，禁止解释。"
6 + 8 等于多少?,16,14,18,12,14,B,"请选择一个选项6 + 8 等于多少?: A 16.0 , B 14.0 , C 18.0 , D 12.0。只能选择一个选项，禁止解释。","请选择一个选项6 + 8 等于多少?: B 14.0 , A 16.0 , C 18.0 , D 12.0。只能选择一个选项，禁止解释。"
7 * 1 等于多少?,7,8,11,6,7,A,"请选择一个选项7 * 1 等于多少?: A 7.0 , B 8.0 , C 11.0 , D 6.0。只能选择一个选项，禁止解释。","请选择一个选项7 * 1 等于多少?: B 8.0 , A 7.0 , C 11.0 , D 6.0。只能选择一个选项，禁止解释。"
6 - 8 等于多少?,0,-4,-2,3,-2,C,"请选择一个选项6 - 8 等于多少?: A 0.0 , B -4.0 , C -2.0 , D 3.0。只能选择一个选项，禁止解释。","请选择一个选项6 - 8 等于多少?: B -4.0 , A 0.0 , C -2.0 , D 3.0。只能选择一个选项，禁止解释。"
54 / 9 等于多少?,11,5,8,6,6,D,"请选择一个选项54 / 9 等于多少?: A 11.0 , B 5.0 , C 8.0 , D 6.0。只能选择一个选项，禁止解释。","请选择一个选项54 / 9 等于多少?: B 5.0 , A 11.0 , C 8.0 , D 6.0。只能选择一个选项，禁止解释。"
1 + 7 等于多少?,12,8,6,10,8,B,"请选择一个选项1 + 7 等于多少?: A 12.0 , B 8.0 , C 6.0 , D 10.0。只能选择一个选项，禁止解释。","请选择一个选项1 + 7 等于多少?: B 8.0 , A 12.0 , C 6.0 , D 10.0。只能选择一个选项，禁止解释。"
1 - 4 等于多少?,1,-3,-1,-5,-3,B,"请选择一个选项1 - 4 等于多少?: A 1.0 , B -3.0 , C -1.0 , D -5.0。只能选择一个选项，禁止解释。","请选择一个选项1 - 4 等于多少?: B -3.0 , A 1.0 , C -1.0 , D -5.0。只能选择一个选项，禁止解释。"
4 - 7 等于多少?,-3,0,-4,1,-3,A,"请选择一个选项4 - 7 等于多少?: A -3.0 , B 0.0 , C -4.0 , D 1.0。只能选择一个选项，禁止解释。","请选择一个选项4 - 7 等于多少?: B 0.0 , A -3.0 , C -4.0 , D 1.0。只能选择一个选项，禁止解释。"
8 + 1 等于多少?,8,9,12,14,9,B,"请选择一个选项8 + 1 等于多少?: A 8.0 , B 9.0 , C 12.0 , D 14.0。只能选择一个选项，禁止解释。","请选择一个选项8 + 1 等于多少?: B 9.0 , A 8.0 , C 12.0 , D 14.0。只能选择一个选项，禁止解释。"
5 - 1 等于多少?,7,8,4,1,4,C,"请选择一个选项5 - 1 等于多少?: A 7.0 , B 8.0 , C 4.0 , D 1.0。只能选择一个选项，禁止解释。","请选择一个选项5 - 1 等于多少?: B 8.0 , A 7.0 , C 4.0 , D 1.0。只能选择一个选项，禁止解释。"
1 + 9 等于多少?,12,14,10,7,10,C,"请选择一个选项1 + 9 等于多少?: A 12.0 , B 14.0 , C 10.0 , D 7.0。只能选择一个选项，禁止解释。","请选择一个选项1 + 9 等于多少?: B 14.0 , A 12.0 , C 10.0 , D 7.0。只能选择一个选项，禁止解释。"
3 + 1 等于多少?,5,4,8,1,4,B,"请选择一个选项3 + 1 等于多少?: A 5.0 , B 4.0 , C 8.0 , D 1.0。只能选择一个选项，禁止解释。","请选择一个选项3 + 1 等于多少?: B 4.0 , A 5.0 , C 8.0 , D 1.0。只能选择一个选项，禁止解释。"
4 * 2 等于多少?,8,10,12,6,8,A,"请选择一个选项4 * 2 等于多少?: A 8.0 , B 10.0 , C 12.0 , D 6.0。只能选择一个选项，禁止解释。","请选择一个选项4 * 2 等于多少?: B 10.0 , A 8.0 , C 12.0 , D 6.0。只能选择一个选项，禁止解释。"
7 + 4 等于多少?,11,16,8,13,11,A,"请选择一个选项7 + 4 等于多少?: A 11.0 , B 16.0 , C 8.0 , D 13.0。只能选择一个选项，禁止解释。","请选择一个选项7 + 4 等于多少?: B 16.0 , A 11.0 , C 8.0 , D 13.0。只能选择一个选项，禁止解释。"
4 * 6 等于多少?,24,26,22,29,24,A,"请选择一个选项4 * 6 等于多少?: A 24.0 , B 26.0 , C 22.0 , D 29.0。只能选择一个选项，禁止解释。","请选择一个选项4 * 6 等于多少?: B 26.0 , A 24.0 , C 22.0 , D 29.0。只能选择一个选项，禁止解释。"
7 * 7 等于多少?,54,48,52,49,49,D,"请选择一个选项7 * 7 等于多少?: A 54.0 , B 48.0 , C 52.0 , D 49.0。只能选择一个选项，禁止解释。","请选择一个选项7 * 7 等于多少?: B 48.0 , A 54.0 , C 52.0 , D 49.0。只能选择一个选项，禁止解释。"
9 * 10 等于多少?,92,87,90,96,90,C,"请选择一个选项9 * 10 等于多少?: A 92.0 , B 87.0 , C 90.0 , D 96.0。只能选择一个选项，禁止解释。","请选择一个选项9 * 10 等于多少?: B 87.0 , A 92.0 , C 90.0 , D 96.0。只能选择一个选项，禁止解释。"
9 - 1 等于多少?,11,6,8,13,8,C,"请选择一个选项9 - 1 等于多少?: A 11.0 , B 6.0 , C 8.0 , D 13.0。只能选择一个选项，禁止解释。","请选择一个选项9 - 1 等于多少?: B 6.0 , A 11.0 , C 8.0 , D 13.0。只能选择一个选项，禁止解释。"